ply
format ascii 1.0
comment Created by CloudCompare v2.11.1 (Anoia)
comment Created 2026/3/9 下午8:03
obj_info Generated by CloudCompare!
element vertex 7629
property float x
property float y
property float z
property float scalar_intensity
end_header
12.1038 -1.35958 2.19457 16 
12.1092 -1.36404 2.37972 26 
11.8023 -1.4042 1.79306 55 
11.9004 -1.41756 1.98596 63 
11.8985 -1.42071 2.15911 63 
11.8023 -1.4042 1.79306 55 
11.9004 -1.41756 1.98596 63 
11.8985 -1.42071 2.15911 63 
11.8227 -1.41541 2.32529 96 
11.7765 -1.48458 1.79067 47 
11.6749 -1.47343 1.95 45 
11.5993 -1.46718 2.10662 30 
11.5165 -1.46038 2.26702 46 
11.4952 -1.46075 2.43135 14 
11.7765 -1.48458 1.79067 47 
11.6749 -1.47343 1.95 45 
11.5993 -1.46718 2.10662 30 
11.5165 -1.46038 2.26702 46 
11.4952 -1.46075 2.43135 14 
11.7898 -1.56681 1.62539 98 
11.7266 -1.56154 1.7847 40 
11.6761 -1.55646 1.95196 41 
11.6746 -1.55959 2.12223 20 
11.7898 -1.56681 1.62539 98 
11.7266 -1.56154 1.7847 40 
11.6761 -1.55646 1.95196 41 
11.6746 -1.55959 2.12223 20 
11.3761 -1.52638 2.40835 10 
11.7197 -1.64084 1.61727 101 
11.7197 -1.64084 1.61727 101 
11.6716 -1.46909 0.756601 24 
11.7113 -1.47283 0.928747 50 
11.6851 -1.4652 1.26147 29 
11.7489 -1.47487 1.43692 41 
11.6716 -1.46909 0.756601 24 
11.7113 -1.47283 0.928747 50 
11.6851 -1.4652 1.26147 29 
11.7489 -1.47487 1.43692 41 
11.6198 -1.63079 -0.898118 52 
11.6114 -1.63126 -0.728446 20 
11.683 -1.63758 -0.399801 63 
11.6774 -1.63825 -0.0677077 30 
11.7047 -1.64457 0.094477 63 
11.6988 -1.63916 0.263121 49 
11.6937 -1.64157 0.426179 20 
11.7023 -1.64215 0.596553 29 
11.7036 -1.63651 1.09439 13 
11.713 -1.6374 -1.24304 103 
11.5869 -1.62411 -1.05882 52 
11.6198 -1.63079 -0.898118 52 
11.6114 -1.63126 -0.728446 20 
11.6557 -1.63832 -0.567838 79 
11.683 -1.63758 -0.399801 63 
11.6709 -1.64004 -0.237814 45 
11.6774 -1.63825 -0.0677077 30 
11.7047 -1.64457 0.094477 63 
11.6988 -1.63916 0.263121 49 
11.6937 -1.64157 0.426179 20 
11.7023 -1.64215 0.596553 29 
11.7036 -1.63651 1.09439 13 
10.0407 -1.54129 -1.65365 88 
10.0407 -1.54129 -1.65365 88 
10.2585 -1.57747 -1.53524 179 
9.76305 -1.63378 -1.90262 101 
9.95199 -1.6679 -1.78817 104 
9.76305 -1.63378 -1.90262 101 
9.95199 -1.6679 -1.78817 104 
10.0688 -1.68982 -1.662 111 
10.2003 -1.71465 -1.52997 202 
9.82818 -1.78609 -1.91999 95 
9.93548 -1.8081 -1.78957 75 
10.0093 -1.82387 -1.65622 59 
9.82818 -1.78609 -1.91999 95 
9.93548 -1.8081 -1.78957 75 
10.0093 -1.82387 -1.65622 59 
10.1404 -1.8505 -1.5247 202 
9.84469 -1.93146 -1.92829 106 
9.89381 -1.9436 -1.78678 107 
9.97507 -1.96192 -1.65493 59 
9.84469 -1.93146 -1.92829 106 
9.89381 -1.9436 -1.78678 107 
9.97507 -1.96192 -1.65493 59 
10.0786 -1.98502 -1.51943 184 
12.1766 -5.21134 1.81008 101 
11.9291 -5.10912 1.95774 96 
12.1766 -5.21134 1.81008 101 
7.59291 -1.59537 -1.72432 99 
7.59708 -1.59847 -1.60701 79 
7.6297 -1.60784 -1.49869 104 
9.88883 -2.08643 -1.79097 88 
7.49769 -1.58371 -1.24747 96 
11.911 -5.19638 1.77596 106 
11.8859 -5.18911 1.95655 99 
9.84751 -2.0752 -1.93433 117 
9.88883 -2.08643 -1.79097 88 
9.90808 -2.09284 -1.64851 111 
7.30516 -1.54504 -1.10446 163 
11.911 -5.19638 1.77596 106 
11.86 -5.27297 1.77379 95 
11.86 -5.27297 1.77379 95 
7.5737 -1.70209 -1.72519 72 
7.55491 -1.70008 -1.60296 89 
7.56053 -1.70384 -1.48963 50 
7.54197 -1.7016 -1.3701 68 
7.4864 -1.69085 -1.2494 67 
7.53699 -1.70946 -0.699394 45 
7.53375 -1.71011 -0.591317 34 
11.8879 -5.38885 1.96908 99 
7.5737 -1.70209 -1.72519 72 
7.55491 -1.70008 -1.60296 89 
7.56053 -1.70384 -1.48963 50 
7.54197 -1.7016 -1.3701 68 
7.4864 -1.69085 -1.2494 67 
7.31375 -1.65386 -1.10914 159 
7.53699 -1.70946 -0.699394 45 
11.9543 -5.51609 1.79925 96 
11.9111 -5.4999 1.97922 98 
7.49983 -1.79585 -1.71391 95 
7.49235 -1.79627 -1.59485 89 
7.47871 -1.79548 -1.47831 85 
7.46769 -1.79477 -1.36102 96 
7.2164 -1.73611 -1.20826 81 
7.49302 -1.80985 -0.697592 52 
7.52852 -1.81981 -0.592843 11 
7.49983 -1.79585 -1.71391 95 
7.49235 -1.79627 -1.59485 89 
7.47871 -1.79548 -1.47831 85 
7.46769 -1.79477 -1.36102 96 
7.2164 -1.73611 -1.20826 81 
7.21301 -1.73729 -1.09743 155 
7.49302 -1.80985 -0.697592 52 
7.52852 -1.81981 -0.592843 11 
3.13366 -1.52426 -1.33591 31 
3.12607 -1.51787 -1.27033 43 
3.14689 -1.52553 -1.22044 26 
3.13366 -1.52426 -1.33591 31 
3.12607 -1.51787 -1.27033 43 
3.14689 -1.52553 -1.22044 26 
7.45389 -1.89236 -1.82529 50 
7.4551 -1.89557 -1.70957 76 
7.44376 -1.89491 -1.58999 50 
7.42246 -1.89197 -1.47227 41 
7.41901 -1.89302 -1.35683 68 
7.31769 -1.86893 -1.22947 72 
7.4979 -1.92221 -0.700476 40 
7.45389 -1.89236 -1.82529 50 
7.4551 -1.89557 -1.70957 76 
7.44376 -1.89491 -1.58999 50 
7.42246 -1.89197 -1.47227 41 
7.41901 -1.89302 -1.35683 68 
7.31769 -1.86893 -1.22947 72 
7.4219 -1.89762 -1.13314 165 
7.4979 -1.92221 -0.700476 40 
7.49816 -2.01544 -1.84284 114 
7.45431 -2.00658 -1.71564 115 
7.43549 -2.00375 -1.59404 98 
7.42945 -2.00463 -1.47906 85 
7.41467 -2.00258 -1.36102 99 
9.85663 -2.65953 -1.96227 106 
7.41467 -2.00258 -1.36102 99 
10.1264 -2.73745 -1.70764 109 
7.3603 -1.99176 -1.12787 149 
9.90543 -2.82164 -1.97963 107 
10.0184 -2.85647 -1.8461 101 
10.1935 -2.9089 -1.72563 103 
10.3366 -2.95989 -0.973023 96 
9.90543 -2.82164 -1.97963 107 
10.0184 -2.85647 -1.8461 101 
10.1935 -2.9089 -1.72563 103 
10.3185 -2.94749 -1.58733 167 
10.3366 -2.95989 -0.973023 96 
9.85754 -2.95741 -1.97812 63 
10.0492 -3.0176 -1.85937 99 
10.1973 -3.06458 -1.73334 96 
9.85754 -2.95741 -1.97812 63 
10.0492 -3.0176 -1.85937 99 
10.1973 -3.06458 -1.73334 96 
10.2423 -3.08102 -1.58206 160 
9.65767 -3.04172 -2.09593 63 
9.89022 -3.11838 -1.99322 63 
9.99486 -3.15406 -1.85727 96 
10.0368 -3.1698 -1.71342 99 
9.64458 -5.38686 1.66656 84 
9.65767 -3.04172 -2.09593 63 
9.89022 -3.11838 -1.99322 63 
9.99486 -3.15406 -1.85727 96 
10.0368 -3.1698 -1.71342 99 
10.2096 -3.2273 -1.58382 152 
9.64458 -5.38686 1.66656 84 
9.62737 -5.46578 1.67014 96 
9.64402 -3.1861 -2.10242 106 
9.87555 -3.26603 -1.99926 52 
9.96854 -3.29949 -1.86076 99 
10.1115 -3.34935 -1.73399 101 
9.64402 -3.1861 -2.10242 106 
9.87555 -3.26603 -1.99926 52 
9.96854 -3.29949 -1.86076 99 
10.1115 -3.34935 -1.73399 101 
10.3025 -3.4156 -1.60547 138 
9.67671 -5.67048 1.53278 53 
9.67671 -5.67048 1.53278 53 
9.66152 -3.34221 -2.1162 103 
9.85126 -3.41131 -2.00379 95 
9.95127 -3.44867 -1.86635 101 
10.1234 -3.5109 -1.74427 98 
9.61986 -5.72776 1.53007 52 
9.66152 -3.34221 -2.1162 103 
9.85126 -3.41131 -2.00379 95 
9.95127 -3.44867 -1.86635 101 
10.1234 -3.5109 -1.74427 98 
10.2351 -3.55263 -1.60255 133 
9.64706 -3.48877 -2.1235 59 
9.83221 -3.55922 -2.00983 101 
9.98362 -3.61679 -1.8817 98 
10.1736 -3.68824 -1.76162 101 
9.64706 -3.48877 -2.1235 59 
9.83221 -3.55922 -2.00983 101 
9.98362 -3.61679 -1.8817 98 
10.1736 -3.68824 -1.76162 101 
10.3556 -3.75727 -1.62947 130 
9.67437 -3.65217 -2.14052 71 
9.8477 -3.72114 -2.02342 24 
10.0132 -3.78647 -1.89706 96 
10.1544 -3.8425 -1.76741 88 
9.67437 -3.65217 -2.14052 71 
9.8477 -3.72114 -2.02342 24 
10.0132 -3.78647 -1.89706 96 
10.1544 -3.8425 -1.76741 88 
10.3095 -3.90429 -1.63064 123 
9.6443 -3.7955 -2.14539 103 
9.86423 -3.88563 -2.03777 106 
10.04 -3.95769 -1.91241 98 
10.0851 -3.97811 -1.76484 101 
10.1762 -4.0268 -0.837673 96 
10.8909 -7.11868 1.77813 96 
9.6443 -3.7955 -2.14539 103 
9.86423 -3.88563 -2.03777 106 
10.04 -3.95769 -1.91241 98 
10.0851 -3.97811 -1.76484 101 
10.8431 -4.28849 -1.05522 107 
10.8909 -7.11868 1.77813 96 
10.8046 -7.17043 1.77217 120 
10.8046 -7.17043 1.77217 120 
9.63749 -3.94909 -2.15593 47 
9.89987 -4.06024 -2.05664 106 
10.0347 -4.11842 -1.92218 98 
10.1746 -4.17852 -1.79054 96 
9.95133 -4.10104 -0.668672 40 
10.7675 -7.25454 1.77434 123 
9.63749 -3.94909 -2.15593 47 
9.89987 -4.06024 -2.05664 106 
10.0347 -4.11842 -1.92218 98 
10.1746 -4.17852 -1.79054 96 
10.7675 -7.25454 1.77434 123 
10.7231 -7.33401 1.77542 104 
10.7231 -7.33401 1.77542 104 
10.027 -4.27977 -1.93195 106 
10.6781 -7.41321 1.7765 111 
9.61024 -4.09555 -2.16242 120 
10.027 -4.27977 -1.93195 106 
10.1988 -4.35584 -1.80532 107 
10.9865 -4.70404 -1.08154 99 
10.6781 -7.41321 1.7765 111 
10.6423 -7.49899 1.77921 106 
10.6423 -7.49899 1.77921 106 
3.22859 -1.43605 -0.319775 37 
11.8024 -5.25205 -0.988784 130 
11.7696 -5.23944 -0.800373 117 
11.8038 -5.25564 -0.623349 112 
11.8347 -5.26395 -0.438955 104 
11.8226 -5.26353 -0.261135 123 
11.8443 -5.26996 -0.0744371 123 
11.8613 -5.28049 0.103781 98 
11.8571 -5.27317 0.289041 95 
11.8473 -5.27252 0.468018 123 
11.8694 -5.28162 0.655846 128 
11.7883 -5.24211 0.82977 16 
11.8765 -5.27783 1.20357 98 
11.788 -5.23528 1.38161 15 
11.8119 -5.24788 1.56846 20 
9.86884 -4.37327 -2.07476 114 
11.8242 -5.25804 -1.541 131 
11.8331 -5.25803 -1.36095 120 
11.746 -5.22449 -1.16337 125 
11.7696 -5.23944 -0.800373 117 
11.8038 -5.25564 -0.623349 112 
11.8347 -5.26395 -0.438955 104 
11.8613 -5.28049 0.103781 98 
11.8571 -5.27317 0.289041 95 
11.8473 -5.27252 0.468018 123 
11.8694 -5.28162 0.655846 128 
11.8765 -5.27783 1.20357 98 
11.788 -5.23528 1.38161 15 
3.99398 -1.78066 1.50291 15 
3.15457 -1.44867 -0.771475 20 
3.15337 -1.44919 -0.718373 18 
9.86034 -4.53526 -2.08609 114 
3.1056 -1.42934 -0.60583 32 
3.21185 -1.48265 -0.320135 12 
11.6845 -5.39626 -0.985121 14 
11.7026 -5.40661 -0.800869 10 
3.16594 -1.45249 -0.826739 16 
3.15457 -1.44867 -0.771475 20 
9.49925 -4.36556 -2.16404 99 
9.86034 -4.53526 -2.08609 114 
3.1056 -1.42934 -0.60583 32 
11.69 -5.39633 -1.16518 71 
11.7026 -5.40661 -0.800869 10 
3.16118 -1.49509 -1.1072 17 
3.15428 -1.49432 -1.04702 18 
3.17385 -1.50522 -0.999026 17 
3.17596 -1.50785 -0.943019 22 
3.15915 -1.50143 -0.884945 20 
3.16995 -1.50826 -0.833205 16 
3.15871 -1.50433 -0.777549 17 
3.16465 -1.50824 -0.72567 24 
3.1909 -1.52198 -0.679507 7 
3.11022 -1.48443 -0.610715 28 
3.22317 -1.54283 -0.32338 17 
3.16118 -1.49509 -1.1072 17 
3.15428 -1.49432 -1.04702 18 
3.17385 -1.50522 -0.999026 17 
3.17596 -1.50785 -0.943019 22 
3.15915 -1.50143 -0.884945 20 
3.16995 -1.50826 -0.833205 16 
3.15871 -1.50433 -0.777549 17 
9.35958 -4.46069 -2.1462 104 
9.83506 -4.69109 -2.09439 24 
3.11022 -1.48443 -0.610715 28 
3.22317 -1.54283 -0.32338 17 
3.12937 -1.53191 -1.15924 40 
3.11602 -1.52734 -1.09875 43 
3.13655 -1.53991 -1.04817 29 
3.11109 -1.52903 -0.985896 39 
3.10259 -1.52647 -0.927475 44 
3.12397 -1.53854 -0.881021 34 
3.11368 -1.53516 -0.823968 40 
3.12339 -1.54137 -0.774078 38 
3.12923 -1.54534 -0.722427 29 
3.12356 -1.54376 -0.669692 31 
3.00446 -1.48581 -0.593964 26 
3.23344 -1.60362 -0.326624 16 
3.12937 -1.53191 -1.15924 40 
3.13655 -1.53991 -1.04817 29 
3.12397 -1.53854 -0.881021 34 
3.12339 -1.54137 -0.774078 38 
3.12923 -1.54534 -0.722427 29 
3.12356 -1.54376 -0.669692 31 
9.97368 -4.93234 -1.97174 111 
11.0672 -5.48876 -1.11795 101 
9.03697 -4.61769 -2.25541 59 
9.52433 -4.87008 -2.21431 95 
8.36794 -4.2821 -1.80673 127 
2.77308 -1.41991 -0.552087 18 
2.71485 -1.39177 -0.451265 13 
3.23554 -1.66134 -0.329148 18 
9.03697 -4.61769 -2.25541 59 
9.52433 -4.87008 -2.21431 95 
9.81214 -5.02114 -2.11855 133 
9.99499 -5.11778 -1.98988 106 
2.71485 -1.39177 -0.451265 13 
11.3722 -5.83927 -1.15688 104 
9.20841 -7.50217 1.62323 96 
9.20841 -7.50217 1.62323 96 
8.95091 -4.73247 -2.25021 59 
9.44848 -4.99892 -2.21269 69 
8.48439 -4.49226 -1.84524 122 
2.67293 -1.41608 -0.536034 15 
2.62873 -1.39431 -0.440144 13 
3.21554 -1.70823 -0.329508 17 
9.17108 -7.57889 1.62593 48 
8.95091 -4.73247 -2.25021 59 
9.44848 -4.99892 -2.21269 69 
9.8001 -5.18889 -2.13139 127 
2.67293 -1.41608 -0.536034 15 
2.62873 -1.39431 -0.440144 13 
3.21554 -1.70823 -0.329508 17 
8.89766 -4.86447 -2.25368 75 
9.4087 -5.14728 -2.21998 96 
9.75081 -5.33842 -2.13667 75 
2.57345 -1.40974 -0.51998 15 
2.55503 -1.40041 -0.474307 12 
2.54309 -1.39473 -0.429023 11 
3.21931 -1.7683 -0.332392 16 
8.89766 -4.86447 -2.25368 75 
9.4087 -5.14728 -2.21998 96 
9.75081 -5.33842 -2.13667 75 
2.57345 -1.40974 -0.51998 15 
2.55503 -1.40041 -0.474307 12 
2.54309 -1.39473 -0.429023 11 
3.21931 -1.7683 -0.332392 16 
7.49859 -4.22869 -2.17802 96 
8.27632 -4.67204 -2.25575 63 
8.80848 -4.9767 -2.24847 75 
9.39729 -5.31284 -2.23458 55 
2.48154 -1.40479 -0.505323 16 
2.47173 -1.40083 -0.420244 10 
2.50877 -1.42275 -0.303131 12 
3.19778 -1.81504 -0.332753 15 
7.49859 -4.22869 -2.17802 96 
8.27632 -4.67204 -2.25575 63 
8.80848 -4.9767 -2.24847 75 
9.39729 -5.31284 -2.23458 55 
9.75738 -5.52047 -2.15479 95 
2.48154 -1.40479 -0.505323 16 
2.47173 -1.40083 -0.420244 10 
2.50877 -1.42275 -0.303131 12 
3.19778 -1.81504 -0.332753 15 
9.14413 -8.10998 1.67035 88 
9.14413 -8.10998 1.67035 88 
7.50248 -4.37006 -2.19667 35 
8.217 -4.79106 -2.2576 59 
8.81907 -5.14644 -2.2693 69 
9.31881 -5.44155 -2.23377 52 
2.4351 -1.42296 -0.542096 13 
2.41748 -1.41346 -0.49625 14 
2.40248 -1.40542 -0.453099 12 
2.48866 -1.45764 -0.303131 14 
3.15494 -1.84944 -0.33095 23 
10.6411 -6.24035 -0.944214 98 
9.1197 -8.20277 1.6763 52 
7.50248 -4.37006 -2.19667 35 
8.217 -4.79106 -2.2576 59 
8.81907 -5.14644 -2.2693 69 
9.31881 -5.44155 -2.23377 52 
9.69631 -5.66607 -2.15857 96 
2.41748 -1.41346 -0.49625 14 
2.40248 -1.40542 -0.453099 12 
10.2024 -5.97421 -1.58044 107 
2.48866 -1.45764 -0.303131 14 
3.15494 -1.84944 -0.33095 23 
11.4049 -6.68825 -1.01199 101 
9.1197 -8.20277 1.6763 52 
9.03293 -8.23953 1.67089 17 
9.03293 -8.23953 1.67089 17 
7.39088 -4.44441 -2.18195 50 
8.13931 -4.8993 -2.25483 45 
8.7196 -5.25295 -2.26236 55 
9.24192 -5.57113 -2.23377 41 
2.34436 -1.41421 -0.526241 11 
2.34356 -1.41451 -0.485082 13 
2.32517 -1.40413 -0.442173 10 
2.43062 -1.4696 -0.298531 12 
3.13903 -1.8995 -0.332032 21 
10.6041 -6.4193 -0.948793 95 
10.525 -6.3734 -0.76441 15 
9.74251 -5.88983 1.3815 40 
7.39088 -4.44441 -2.18195 50 
8.13931 -4.8993 -2.25483 45 
8.7196 -5.25295 -2.26236 55 
9.24192 -5.57113 -2.23377 41 
2.34436 -1.41421 -0.526241 11 
2.34356 -1.41451 -0.485082 13 
2.32517 -1.40413 -0.442173 10 
2.43062 -1.4696 -0.298531 12 
10.6041 -6.4193 -0.948793 95 
10.525 -6.3734 -0.76441 15 
7.38742 -4.58397 -2.19961 47 
8.08333 -5.02068 -2.25852 59 
8.67857 -5.3948 -2.27103 52 
9.19983 -5.72238 -2.24269 96 
2.27436 -1.41567 -0.514915 19 
2.27009 -1.41378 -0.473915 13 
2.26513 -1.4114 -0.434461 12 
2.43011 -1.51603 -0.30104 13 
3.12234 -1.94947 -0.333113 16 
10.4113 -6.50493 -0.762673 38 
11.9827 -7.47599 1.30796 13 
10.6139 -6.61866 1.33986 12 
9.84126 -6.13877 1.40752 15 
7.38742 -4.58397 -2.19961 47 
8.08333 -5.02068 -2.25852 59 
8.67857 -5.3948 -2.27103 52 
9.19983 -5.72238 -2.24269 96 
2.27436 -1.41567 -0.514915 19 
2.27009 -1.41378 -0.473915 13 
2.26513 -1.4114 -0.434461 12 
2.43011 -1.51603 -0.30104 13 
10.5092 -6.56152 -1.12119 101 
10.4113 -6.50493 -0.762673 38 
11.9827 -7.47599 1.30796 13 
10.6139 -6.61866 1.33986 12 
9.84126 -6.13877 1.40752 15 
7.36842 -4.71594 -2.21334 103 
8.0616 -5.16454 -2.27238 59 
8.55967 -5.48804 -2.25975 48 
2.21217 -1.41921 -0.54405 13 
2.20149 -1.41333 -0.502835 16 
2.21367 -1.42192 -0.466237 13 
2.1987 -1.41301 -0.425463 14 
2.40536 -1.54766 -0.300622 13 
3.04458 -1.96052 -0.327706 20 
10.3235 -6.65024 -0.939941 63 
10.6345 -6.84297 1.17111 103 
10.4636 -6.72963 1.33261 53 
9.76126 -6.27987 1.40849 43 
7.36842 -4.71594 -2.21334 103 
8.0616 -5.16454 -2.27238 59 
8.55967 -5.48804 -2.25975 48 
9.22453 -5.91796 -2.26863 101 
2.20149 -1.41333 -0.502835 16 
2.21367 -1.42192 -0.466237 13 
2.1987 -1.41301 -0.425463 14 
2.40536 -1.54766 -0.300622 13 
3.04458 -1.96052 -0.327706 20 
10.3235 -6.65024 -0.939941 63 
10.6345 -6.84297 1.17111 103 
10.4636 -6.72963 1.33261 53 
9.76126 -6.27987 1.40849 43 
7.3407 -4.84398 -2.22512 99 
7.9952 -5.28089 -2.27423 52 
8.45941 -5.59195 -2.25368 75 
2.16274 -1.43051 -0.536753 17 
2.13241 -1.41141 -0.49151 16 
2.13778 -1.41572 -0.454372 13 
2.11623 -1.40214 -0.413252 21 
2.11074 -1.3993 -0.374591 15 
2.10144 -1.39366 -0.337076 14 
2.14112 -1.42116 -0.306025 34 
2.36031 -1.5657 -0.297695 13 
3.09656 -2.05572 -0.336358 23 
11.4257 -7.58806 -1.04984 84 
12.4633 -8.27055 1.17694 98 
11.6398 -7.72178 1.29357 28 
10.5893 -7.02352 1.54196 101 
7.3407 -4.84398 -2.22512 99 
7.9952 -5.28089 -2.27423 52 
8.45941 -5.59195 -2.25368 75 
9.14754 -6.0505 -2.27025 111 
2.13241 -1.41141 -0.49151 16 
2.13778 -1.41572 -0.454372 13 
2.11623 -1.40214 -0.413252 21 
2.11074 -1.3993 -0.374591 15 
2.10144 -1.39366 -0.337076 14 
2.14112 -1.42116 -0.306025 34 
2.36031 -1.5657 -0.297695 13 
3.09656 -2.05572 -0.336358 23 
11.4257 -7.58806 -1.04984 84 
12.4633 -8.27055 1.17694 98 
11.6398 -7.72178 1.29357 28 
10.5893 -7.02352 1.54196 101 
7.33327 -4.98744 -2.24376 109 
7.8853 -5.36791 -2.26406 59 
8.37405 -5.70512 -2.25194 63 
2.10372 -1.43409 -0.527023 17 
2.07355 -1.41448 -0.48245 15 
2.08202 -1.42101 -0.446695 13 
2.0834 -1.42264 -0.410681 15 
2.10734 -1.43979 -0.377517 21 
2.10796 -1.44076 -0.341316 14 
2.12763 -1.4554 -0.306971 38 
2.3218 -1.58727 -0.295605 12 
3.01495 -2.06276 -0.33059 30 
10.8065 -7.39219 0.842094 47 
10.7699 -7.36549 1.02664 63 
10.7681 -7.36202 1.208 115 
10.5868 -7.23459 1.37351 95 
10.5066 -7.18189 1.54437 101 
7.33327 -4.98744 -2.24376 109 
7.8853 -5.36791 -2.26406 59 
8.37405 -5.70512 -2.25194 63 
2.10372 -1.43409 -0.527023 17 
2.07355 -1.41448 -0.48245 15 
2.08202 -1.42101 -0.446695 13 
2.0834 -1.42264 -0.410681 15 
2.10734 -1.43979 -0.377517 21 
2.10796 -1.44076 -0.341316 14 
2.12763 -1.4554 -0.306971 38 
2.3218 -1.58727 -0.295605 12 
3.01495 -2.06276 -0.33059 30 
10.8065 -7.39219 0.842094 47 
10.7699 -7.36549 1.02664 63 
10.7681 -7.36202 1.208 115 
10.5868 -7.23459 1.37351 95 
10.5066 -7.18189 1.54437 101 
7.31691 -5.12717 -2.26044 50 
7.80321 -5.47301 -2.26222 63 
8.32235 -5.84167 -2.25975 69 
2.0322 -1.4273 -0.51405 18 
2.01503 -1.41619 -0.47339 15 
2.02654 -1.42502 -0.439017 12 
2.02136 -1.42206 -0.402326 13 
2.10321 -1.48047 -0.380444 22 
2.12654 -1.49744 -0.347676 15 
2.13307 -1.50327 -0.310755 40 
2.28966 -1.61266 -0.29435 13 
2.98912 -2.10695 -0.33095 17 
11.4103 -8.04281 -0.473096 41 
10.7411 -7.57025 0.292693 26 
10.6825 -7.53315 0.471769 45 
10.6991 -7.54403 0.660887 53 
10.6468 -7.50326 0.837729 111 
10.6334 -7.49218 1.0235 73 
10.6284 -7.48642 1.20394 107 
10.4653 -7.36796 1.37096 75 
10.6325 -7.48793 1.5781 87 
7.31691 -5.12717 -2.26044 50 
7.80321 -5.47301 -2.26222 63 
8.32235 -5.84167 -2.25975 69 
2.0322 -1.4273 -0.51405 18 
2.01503 -1.41619 -0.47339 15 
2.02654 -1.42502 -0.439017 12 
2.02136 -1.42206 -0.402326 13 
2.10321 -1.48047 -0.380444 22 
2.12654 -1.49744 -0.347676 15 
2.13307 -1.50327 -0.310755 40 
2.28966 -1.61266 -0.29435 13 
2.98912 -2.10695 -0.33095 17 
11.4103 -8.04281 -0.473096 41 
10.7411 -7.57025 0.292693 26 
10.6825 -7.53315 0.471769 45 
10.6991 -7.54403 0.660887 53 
10.6468 -7.50326 0.837729 111 
10.6334 -7.49218 1.0235 73 
10.6284 -7.48642 1.20394 107 
10.4653 -7.36796 1.37096 75 
10.6325 -7.48793 1.5781 87 
7.2792 -5.2538 -2.27123 29 
7.76074 -5.6065 -2.27238 52 
8.25896 -5.97103 -2.26496 55 
1.97082 -1.42569 -0.50351 14 
1.96006 -1.41885 -0.465085 12 
1.97135 -1.42776 -0.431339 14 
1.98532 -1.43856 -0.399112 14 
2.09515 -1.51898 -0.382785 16 
2.10863 -1.52932 -0.348206 15 
2.14081 -1.5539 -0.315012 29 
2.30556 -1.67251 -0.299368 12 
2.93684 -2.1321 -0.328427 17 
11.8918 -8.63641 -1.12494 95 
9.84549 -7.15343 -0.587113 95 
10.9054 -7.91716 -0.456702 43 
10.6775 -7.75368 -0.0757692 49 
10.6434 -7.73229 0.105156 59 
10.5437 -7.65371 0.290199 73 
10.531 -7.64868 0.46975 98 
10.5345 -7.65042 0.657257 87 
10.5119 -7.63007 0.835419 79 
10.5278 -7.63991 1.0235 99 
10.5293 -7.63877 1.20468 63 
9.7464 -7.06742 1.28958 88 
10.6459 -7.72192 1.59593 63 
7.2792 -5.2538 -2.27123 29 
7.76074 -5.6065 -2.27238 52 
8.25896 -5.97103 -2.26496 55 
1.97082 -1.42569 -0.50351 14 
1.96006 -1.41885 -0.465085 12 
1.97135 -1.42776 -0.431339 14 
1.98532 -1.43856 -0.399112 14 
2.09515 -1.51898 -0.382785 16 
2.10863 -1.52932 -0.348206 15 
2.14081 -1.5539 -0.315012 29 
2.30556 -1.67251 -0.299368 12 
2.93684 -2.1321 -0.328427 17 
11.8918 -8.63641 -1.12494 95 
9.84549 -7.15343 -0.587113 95 
10.9054 -7.91716 -0.456702 43 
10.6775 -7.75368 -0.0757692 49 
10.6434 -7.73229 0.105156 59 
10.5437 -7.65371 0.290199 73 
10.531 -7.64868 0.46975 98 
10.5345 -7.65042 0.657257 87 
10.5119 -7.63007 0.835419 79 
10.5278 -7.63991 1.0235 99 
10.5293 -7.63877 1.20468 63 
10.5932 -7.68147 1.40163 95 
10.6459 -7.72192 1.59593 63 
6.59122 -4.89454 -2.20211 69 
6.84721 -5.08891 -2.1584 47 
7.69732 -5.72592 -2.277 55 
1.93251 -1.43866 -0.535433 13 
1.91617 -1.42733 -0.494591 21 
1.90542 -1.42026 -0.45678 13 
1.90387 -1.41982 -0.42087 21 
1.9334 -1.44253 -0.392685 14 
2.11496 -1.57885 -0.390394 23 
2.12519 -1.58708 -0.354566 13 
2.14117 -1.60029 -0.318323 34 
2.23736 -1.6712 -0.293514 22 
2.94508 -2.20152 -0.332753 36 
9.80252 -7.33029 -0.936888 106 
9.9615 -7.45135 -0.772842 109 
10.6369 -7.95137 -0.450064 52 
10.5484 -7.89095 -0.265816 24 
10.4945 -7.84691 -0.0752409 119 
10.4735 -7.83461 0.104548 79 
10.4614 -7.81933 0.290911 109 
10.436 -7.80455 0.470327 115 
10.4363 -7.80394 0.657862 98 
10.4555 -7.81433 0.839526 55 
11.7841 -8.80538 1.15748 33 
10.629 -7.93997 1.22866 59 
9.37907 -7.00293 1.2538 96 
9.59848 -7.16884 1.45378 43 
6.59122 -4.89454 -2.20211 69 
6.84721 -5.08891 -2.1584 47 
7.69732 -5.72592 -2.277 55 
8.0589 -5.99949 -2.23285 96 
1.91617 -1.42733 -0.494591 21 
1.90542 -1.42026 -0.45678 13 
1.90387 -1.41982 -0.42087 21 
1.9334 -1.44253 -0.392685 14 
9.82012 -7.3309 -1.81267 123 
2.12519 -1.58708 -0.354566 13 
2.14117 -1.60029 -0.318323 34 
10.5111 -7.85133 -1.37893 122 
10.504 -7.852 -1.18681 123 
9.80252 -7.33029 -0.936888 106 
9.9615 -7.45135 -0.772842 109 
10.5484 -7.89095 -0.265816 24 
10.4945 -7.84691 -0.0752409 119 
10.4735 -7.83461 0.104548 79 
10.4614 -7.81933 0.290911 109 
10.436 -7.80455 0.470327 115 
10.4363 -7.80394 0.657862 98 
10.4555 -7.81433 0.839526 55 
11.7841 -8.80538 1.15748 33 
10.629 -7.93997 1.22866 59 
10.555 -7.88097 1.411 101 
6.42402 -4.91101 -2.16894 48 
6.79705 -5.20051 -2.16527 47 
7.64443 -5.85413 -2.28531 34 
1.86574 -1.42988 -0.522416 24 
1.86186 -1.42773 -0.485672 16 
1.84177 -1.41324 -0.44621 13 
1.87136 -1.43667 -0.418078 21 
1.89115 -1.45255 -0.388187 11 
9.65092 -7.41666 -1.80038 96 
2.10911 -1.62143 -0.355625 17 
2.13436 -1.64214 -0.320687 27 
2.21066 -1.69986 -0.293096 27 
3.01508 -2.32017 -0.344289 40 
9.78138 -7.52969 -0.944825 103 
9.74894 -7.50689 -0.76441 55 
9.87932 -7.60838 -0.601569 101 
10.4076 -8.0089 -0.445051 96 
10.3802 -7.99354 -0.264363 119 
10.3522 -7.96828 -0.0750113 95 
10.3536 -7.97276 0.104452 95 
10.3639 -7.97438 0.291267 103 
10.402 -8.00802 0.473789 87 
10.396 -8.0025 0.662299 59 
11.2091 -8.62407 0.909615 15 
11.227 -8.63597 1.1145 17 
11.1486 -8.5732 1.30243 43 
9.33083 -7.17198 1.26061 26 
10.2183 -7.85642 1.56413 103 
6.42402 -4.91101 -2.16894 48 
6.79705 -5.20051 -2.16527 47 
7.64443 -5.85413 -2.28531 34 
8.02083 -6.14705 -2.24587 119 
1.86186 -1.42773 -0.485672 16 
1.84177 -1.41324 -0.44621 13 
1.87136 -1.43667 -0.418078 21 
1.89115 -1.45255 -0.388187 11 
9.65092 -7.41666 -1.80038 96 
2.10911 -1.62143 -0.355625 17 
2.13436 -1.64214 -0.320687 27 
10.3374 -7.94882 -1.37057 127 
10.3207 -7.94201 -1.17852 125 
11.1277 -8.56609 -1.07487 107 
9.74894 -7.50689 -0.76441 55 
10.4016 -8.01062 -0.633372 103 
10.4076 -8.0089 -0.445051 96 
10.3802 -7.99354 -0.264363 119 
10.3522 -7.96828 -0.0750113 95 
10.3536 -7.97276 0.104452 95 
10.3639 -7.97438 0.291267 103 
10.402 -8.00802 0.473789 87 
10.396 -8.0025 0.662299 59 
11.2091 -8.62407 0.909615 15 
11.227 -8.63597 1.1145 17 
11.1486 -8.5732 1.30243 43 
10.5827 -8.13422 1.42975 30 
10.2183 -7.85642 1.56413 103 
6.34572 -4.99306 -2.16584 38 
6.71159 -5.28531 -2.16135 44 
7.565 -5.96271 -2.28623 95 
1.82107 -1.43644 -0.515473 23 
1.80792 -1.42689 -0.476753 15 
1.80337 -1.42422 -0.44168 14 
1.81713 -1.4358 -0.410401 16 
1.84591 -1.45923 -0.383045 12 
9.62091 -7.6096 -1.81442 103 
2.10804 -1.66794 -0.359335 15 
2.12991 -1.68657 -0.323525 28 
2.15551 -1.70587 -0.288915 23 
2.97614 -2.35709 -0.343568 40 
9.9754 -7.9033 -0.974131 111 
10.1156 -8.0167 -0.801861 127 
10.1698 -8.06076 -0.626048 104 
10.2917 -8.15095 -0.444916 55 
10.277 -8.14514 -0.264605 96 
10.2933 -8.15427 -0.0754017 56 
10.3165 -8.17617 0.10522 106 
10.3519 -8.19775 0.294118 26 
11.085 -8.78303 0.510434 15 
11.1193 -8.80923 0.716146 55 
11.6868 -9.25226 1.17286 15 
11.768 -9.31385 1.38985 15 
10.2373 -8.09859 1.39822 88 
10.6152 -8.39996 1.64267 101 
6.34572 -4.99306 -2.16584 38 
6.71159 -5.28531 -2.16135 44 
7.565 -5.96271 -2.28623 95 
1.82107 -1.43644 -0.515473 23 
1.80792 -1.42689 -0.476753 15 
1.80337 -1.42422 -0.44168 14 
1.81713 -1.4358 -0.410401 16 
1.84591 -1.45923 -0.383045 12 
9.62091 -7.6096 -1.81442 103 
2.10804 -1.66794 -0.359335 15 
2.12991 -1.68657 -0.323525 28 
10.2192 -8.08745 -1.36973 122 
10.2401 -8.11007 -1.18212 125 
9.9754 -7.9033 -0.974131 111 
10.1156 -8.0167 -0.801861 127 
10.1698 -8.06076 -0.626048 104 
10.2917 -8.15095 -0.444916 55 
10.277 -8.14514 -0.264605 96 
10.2933 -8.15427 -0.0754017 56 
10.3165 -8.17617 0.10522 106 
10.3519 -8.19775 0.294118 26 
11.085 -8.78303 0.510434 15 
11.1193 -8.80923 0.716146 55 
11.6868 -9.25226 1.17286 15 
11.768 -9.31385 1.38985 15 
10.2373 -8.09859 1.39822 88 
10.6152 -8.39996 1.64267 101 
6.2964 -5.09819 -2.17309 63 
6.66426 -5.40047 -2.17018 50 
7.50217 -6.08491 -2.2927 87 
1.75536 -1.42482 -0.502456 24 
1.76654 -1.43471 -0.471078 15 
1.75892 -1.42944 -0.43564 15 
1.7694 -1.43867 -0.404119 16 
1.80698 -1.46991 -0.379189 12 
9.37255 -7.62829 -1.7875 109 
2.10606 -1.71473 -0.363045 28 
2.13078 -1.73622 -0.327309 37 
2.19009 -1.78353 -0.296859 25 
2.94603 -2.40093 -0.343929 35 
10.1083 -8.2409 -0.998248 109 
10.0213 -8.1723 -0.803349 96 
10.0748 -8.21712 -0.627204 59 
10.2234 -8.33173 -0.446948 103 
10.218 -8.33333 -0.266058 38 
10.2621 -8.36543 -0.0760218 17 
11.4033 -9.29173 0.946072 54 
11.4205 -9.30371 1.15905 95 
11.433 -9.31124 1.3655 96 
10.54 -8.58246 1.64942 103 
6.2964 -5.09819 -2.17309 63 
6.66426 -5.40047 -2.17018 50 
7.50217 -6.08491 -2.2927 87 
1.75536 -1.42482 -0.502456 24 
1.76654 -1.43471 -0.471078 15 
1.75892 -1.42944 -0.43564 15 
1.7694 -1.43867 -0.404119 16 
1.80698 -1.46991 -0.379189 12 
9.37255 -7.62829 -1.7875 109 
9.59873 -7.81516 -1.65464 125 
9.65627 -7.86818 -1.4833 138 
10.1855 -8.29465 -1.3806 123 
10.2339 -8.34034 -1.19474 120 
10.1083 -8.2409 -0.998248 109 
10.0213 -8.1723 -0.803349 96 
10.0748 -8.21712 -0.627204 59 
10.2234 -8.33173 -0.446948 103 
10.218 -8.33333 -0.266058 38 
11.4033 -9.29173 0.946072 54 
11.4205 -9.30371 1.15905 95 
11.433 -9.31124 1.3655 96 
10.54 -8.58246 1.64942 103 
6.23648 -5.19549 -2.17723 43 
6.63586 -5.53272 -2.18587 59 
1.70621 -1.42383 -0.52745 13 
1.71132 -1.42916 -0.495514 28 
1.71027 -1.4291 -0.461348 13 
1.70865 -1.42866 -0.42809 15 
1.7431 -1.45818 -0.402723 14 
1.76812 -1.47979 -0.375333 13 
9.35008 -7.82954 -1.80389 95 
9.56162 -8.00952 -1.66736 98 
2.14286 -1.79642 -0.332985 28 
2.14058 -1.79349 -0.293514 22 
2.90612 -2.43671 -0.343208 30 
9.86696 -8.27614 -0.985732 103 
10.0347 -8.41919 -0.813766 109 
10.1305 -8.5008 -0.637998 106 
10.1918 -8.54558 -0.450741 99 
11.0749 -9.29263 -0.291719 103 
11.1312 -9.33555 -0.0834173 99 
11.172 -9.37373 0.11657 101 
11.1823 -9.37512 0.325026 38 
11.1968 -9.39225 0.527458 15 
11.2057 -9.39866 0.73833 95 
11.352 -9.51672 0.952747 16 
11.1947 -9.38286 1.14932 30 
11.1309 -9.32671 1.34485 103 
6.23648 -5.19549 -2.17723 43 
6.63586 -5.53272 -2.18587 59 
7.44338 -6.21151 -2.30101 104 
1.71132 -1.42916 -0.495514 28 
1.71027 -1.4291 -0.461348 13 
1.70865 -1.42866 -0.42809 15 
1.7431 -1.45818 -0.402723 14 
9.30381 -7.78665 -1.975 106 
9.35008 -7.82954 -1.80389 95 
9.56162 -8.00952 -1.66736 98 
9.44807 -7.92058 -1.46816 125 
2.14058 -1.79349 -0.293514 22 
2.90612 -2.43671 -0.343208 30 
9.86696 -8.27614 -0.985732 103 
10.0347 -8.41919 -0.813766 109 
10.1305 -8.5008 -0.637998 106 
11.0894 -9.29817 -0.490437 103 
11.0749 -9.29263 -0.291719 103 
11.1312 -9.33555 -0.0834173 99 
11.172 -9.37373 0.11657 101 
11.1823 -9.37512 0.325026 38 
11.1968 -9.39225 0.527458 15 
11.2057 -9.39866 0.73833 95 
11.352 -9.51672 0.952747 16 
11.1947 -9.38286 1.14932 30 
11.1309 -9.32671 1.34485 103 
5.96466 -5.10746 -2.23331 44 
6.23667 -5.34491 -2.20314 36 
6.57268 -5.63746 -2.19078 53 
1.68026 -1.44245 -0.525603 21 
1.66454 -1.43002 -0.487704 27 
1.66342 -1.42986 -0.454051 16 
1.66174 -1.42932 -0.421294 13 
1.68973 -1.45412 -0.395046 12 
1.72036 -1.48115 -0.369549 14 
9.22785 -7.94899 -1.80155 107 
9.25063 -7.97142 -1.63238 104 
2.13261 -1.83913 -0.33535 23 
2.13944 -1.84398 -0.296859 25 
2.75718 -2.37817 -0.329508 29 
10.0162 -8.64238 -1.0126 117 
10.0582 -8.68108 -0.825423 95 
9.79004 -8.45084 -0.623928 47 
11.5368 -9.94706 1.19859 53 
11.2017 -9.65544 1.36956 103 
10.8022 -9.30677 1.52731 49 
9.87214 -8.50789 1.58147 43 
5.96466 -5.10746 -2.23331 44 
6.23667 -5.34491 -2.20314 36 
6.57268 -5.63746 -2.19078 53 
7.32344 -6.28694 -2.29085 119 
1.66454 -1.43002 -0.487704 27 
1.66342 -1.42986 -0.454051 16 
1.66174 -1.42932 -0.421294 13 
1.68973 -1.45412 -0.395046 12 
9.2241 -7.94155 -1.98142 109 
9.22785 -7.94899 -1.80155 107 
9.25063 -7.97142 -1.63238 104 
9.45989 -8.15807 -1.48755 122 
2.13944 -1.84398 -0.296859 25 
2.75718 -2.37817 -0.329508 29 
10.0162 -8.64238 -1.0126 117 
10.0582 -8.68108 -0.825423 95 
9.79004 -8.45084 -0.623928 47 
11.5368 -9.94706 1.19859 53 
11.2017 -9.65544 1.36956 103 
10.8022 -9.30677 1.52731 49 
5.86389 -5.16481 -2.22237 37 
5.96147 -5.25519 -2.13164 52 
6.56603 -5.79282 -2.21531 63 
1.6337 -1.44258 -0.517289 19 
1.61223 -1.42468 -0.478158 25 
1.61981 -1.43218 -0.447564 17 
1.61808 -1.43156 -0.415254 14 
1.64567 -1.45668 -0.389462 13 
1.70246 -1.50765 -0.370191 14 
9.10708 -8.06919 -1.79979 96 
9.1592 -8.11821 -1.63609 111 
2.11861 -1.87927 -0.337242 24 
2.14623 -1.9027 -0.301458 23 
2.69987 -2.39529 -0.326624 13 
9.8647 -8.75491 -1.00954 104 
9.75984 -8.66429 -0.81079 59 
11.1356 -9.87766 0.957368 87 
10.9526 -9.7105 1.35554 84 
10.4926 -9.29842 1.50175 40 
5.86389 -5.16481 -2.22237 37 
5.96147 -5.25519 -2.13164 52 
6.56603 -5.79282 -2.21531 63 
6.77401 -5.98156 -2.1449 114 
1.61223 -1.42468 -0.478158 25 
1.61981 -1.43218 -0.447564 17 
1.61808 -1.43156 -0.415254 14 
1.64567 -1.45668 -0.389462 13 
9.04729 -8.01198 -1.96728 109 
9.10708 -8.06919 -1.79979 96 
9.1592 -8.11821 -1.63609 111 
9.41043 -8.34734 -1.49796 122 
2.14623 -1.9027 -0.301458 23 
2.69987 -2.39529 -0.326624 13 
9.8647 -8.75491 -1.00954 104 
9.75984 -8.66429 -0.81079 59 
11.1356 -9.87766 0.957368 87 
10.9526 -9.7105 1.35554 84 
5.75414 -5.2126 -2.20814 37 
5.8503 -5.30418 -2.11817 49 
6.52471 -5.92041 -2.22904 59 
1.59899 -1.45217 -0.512671 18 
1.57773 -1.43392 -0.473819 23 
1.57648 -1.43358 -0.441078 13 
1.5776 -1.43551 -0.409969 14 
1.60769 -1.46361 -0.385274 12 
1.65206 -1.50468 -0.363764 14 
9.0842 -8.27818 -1.81794 106 
8.69336 -7.92479 -1.57249 106 
9.25188 -8.44044 -1.49134 106 
2.15473 -1.96465 -0.306475 19 
2.66028 -2.42738 -0.325903 12 
9.86522 -9.00472 -1.02236 112 
9.96223 -9.09582 -0.838073 87 
9.67712 -8.83674 -0.632216 63 
9.75413 -8.9002 -0.44749 52 
10.5786 -9.65926 -0.289056 32 
10.7342 -9.79273 0.934519 84 
10.4823 -9.55385 1.51921 45 
8.94702 -8.15688 1.4692 79 
5.75414 -5.2126 -2.20814 37 
5.8503 -5.30418 -2.11817 49 
6.52471 -5.92041 -2.22904 59 
1.59899 -1.45217 -0.512671 18 
1.57773 -1.43392 -0.473819 23 
1.57648 -1.43358 -0.441078 13 
1.5776 -1.43551 -0.409969 14 
1.60769 -1.46361 -0.385274 12 
8.98709 -8.18537 -1.97885 111 
9.0842 -8.27818 -1.81794 106 
9.30866 -8.48569 -1.68379 109 
9.25188 -8.44044 -1.49134 106 
2.15473 -1.96465 -0.306475 19 
9.61407 -8.7724 -1.17779 73 
9.86522 -9.00472 -1.02236 112 
10.4575 -9.54805 -0.879741 95 
10.4767 -9.56685 -0.684451 84 
9.75413 -8.9002 -0.44749 52 
10.5786 -9.65926 -0.289056 32 
10.7342 -9.79273 0.934519 84 
10.4823 -9.55385 1.51921 45 
5.66109 -5.27407 -2.20048 51 
5.80676 -5.41433 -2.12957 48 
6.51513 -6.07972 -2.25455 50 
1.54159 -1.43982 -0.500662 22 
1.52618 -1.42648 -0.464273 22 
1.5277 -1.4287 -0.43297 15 
1.53733 -1.43861 -0.404684 15 
1.56698 -1.46707 -0.380388 13 
1.59055 -1.48982 -0.354767 13 
9.00815 -8.44209 -1.82613 95 
9.08804 -8.51993 -1.66524 111 
9.19686 -8.62859 -1.50174 104 
2.15611 -2.02175 -0.310657 21 
2.62903 -2.46701 -0.326264 16 
9.68619 -9.09245 -1.01687 95 
9.31621 -8.74759 -0.793925 104 
9.81201 -9.21441 -0.649371 79 
9.75718 -9.15589 -0.453451 45 
11.2381 -10.5415 1.21239 53 
10.4302 -9.78094 1.32419 103 
8.82067 -8.27014 1.46727 79 
5.66109 -5.27407 -2.20048 51 
5.80676 -5.41433 -2.12957 48 
6.51513 -6.07972 -2.25455 50 
1.54159 -1.43982 -0.500662 22 
1.52618 -1.42648 -0.464273 22 
1.5277 -1.4287 -0.43297 15 
1.53733 -1.43861 -0.404684 15 
1.56698 -1.46707 -0.380388 13 
8.86616 -8.30466 -1.97757 107 
9.00815 -8.44209 -1.82613 95 
9.08804 -8.51993 -1.66524 111 
9.19686 -8.62859 -1.50174 104 
2.15611 -2.02175 -0.310657 21 
9.38607 -8.80765 -1.16482 103 
9.68619 -9.09245 -1.01687 95 
9.31621 -8.74759 -0.793925 104 
10.3712 -9.73955 -0.686378 95 
10.486 -9.83977 -0.487321 52 
11.2381 -10.5415 1.21239 53 
10.4302 -9.78094 1.32419 103 
5.58135 -5.34728 -2.1983 42 
5.79752 -5.55905 -2.15444 38 
6.41562 -6.15667 -2.24964 59 
1.49326 -1.43424 -0.491425 21 
1.48641 -1.4287 -0.458199 18 
1.49349 -1.43631 -0.428916 15 
1.49445 -1.43814 -0.398644 15 
1.53215 -1.47515 -0.376899 14 
8.78915 -8.46598 -1.98656 95 
8.98628 -8.66039 -1.84603 95 
9.02243 -8.69827 -1.67531 112 
9.17268 -8.84992 -1.51783 99 
2.15631 -2.07927 -0.314838 30 
2.62586 -2.53391 -0.330229 31 
9.2857 -8.96365 -0.987869 104 
9.63832 -9.30665 -0.832368 98 
9.58181 -9.25337 -0.642624 63 
9.68881 -9.34952 -0.456296 55 
10.35 -9.98091 1.33157 73 
5.58135 -5.34728 -2.1983 42 
5.79752 -5.55905 -2.15444 38 
6.41562 -6.15667 -2.24964 59 
1.49326 -1.43424 -0.491425 21 
1.48641 -1.4287 -0.458199 18 
1.49349 -1.43631 -0.428916 15 
1.49445 -1.43814 -0.398644 15 
1.53215 -1.47515 -0.376899 14 
8.78915 -8.46598 -1.98656 95 
8.98628 -8.66039 -1.84603 95 
9.02243 -8.69827 -1.67531 112 
9.17268 -8.84992 -1.51783 99 
2.15631 -2.07927 -0.314838 30 
9.35392 -9.02636 -1.17635 119 
9.2857 -8.96365 -0.987869 104 
9.63832 -9.30665 -0.832368 98 
9.58181 -9.25337 -0.642624 63 
9.68881 -9.34952 -0.456296 55 
10.35 -9.98091 1.33157 73 
5.59933 -5.51649 -2.2355 56 
5.76886 -5.68828 -2.17309 49 
1.43252 -1.41365 -0.509187 10 
1.45371 -1.43581 -0.484959 30 
1.44132 -1.42461 -0.450388 19 
1.44822 -1.43223 -0.421618 17 
1.46026 -1.44505 -0.394869 12 
1.48902 -1.47423 -0.371315 15 
8.72058 -8.63788 -1.99813 103 
8.82514 -8.74602 -1.83784 111 
8.91699 -8.84014 -1.67849 106 
9.01157 -8.94076 -1.51168 104 
2.16096 -2.14279 -0.319855 27 
2.55064 -2.53104 -0.325182 28 
9.45402 -9.38465 -1.01962 63 
9.2553 -9.18996 -0.810294 109 
10.5233 -10.4504 -0.715483 101 
10.2322 -10.1469 1.33452 98 
5.59933 -5.51649 -2.2355 56 
5.76886 -5.68828 -2.17309 49 
6.34559 -6.26198 -2.25553 59 
1.45371 -1.43581 -0.484959 30 
1.44132 -1.42461 -0.450388 19 
1.44822 -1.43223 -0.421618 17 
1.46026 -1.44505 -0.394869 12 
1.48902 -1.47423 -0.371315 15 
8.72058 -8.63788 -1.99813 103 
8.82514 -8.74602 -1.83784 111 
8.91699 -8.84014 -1.67849 106 
9.01157 -8.94076 -1.51168 104 
2.16096 -2.14279 -0.319855 27 
9.09125 -9.02139 -1.15905 115 
9.45402 -9.38465 -1.01962 63 
10.5386 -10.4642 -0.922649 114 
10.5233 -10.4504 -0.715483 101 
5.1348 -5.19774 -2.19173 41 
5.54879 -5.62151 -2.24644 38 
5.74856 -5.82878 -2.19589 36 
1.4317 -1.45284 -0.516054 13 
1.39802 -1.41991 -0.47295 24 
1.41033 -1.43347 -0.446917 20 
1.4116 -1.43556 -0.416754 14 
1.42893 -1.45409 -0.391849 13 
1.45449 -1.48082 -0.367825 15 
8.59636 -8.75598 -1.99749 96 
8.68276 -8.84862 -1.83374 104 
8.75938 -8.92982 -1.67213 63 
8.98038 -9.16215 -1.52776 112 
2.15869 -2.20115 -0.324036 25 
2.48438 -2.53511 -0.321217 13 
9.42812 -9.62399 -1.03122 111 
9.09257 -9.28406 -0.807318 114 
9.09048 -9.28323 -0.626819 73 
9.13577 -9.32232 -0.442342 52 
8.68752 -8.8615 0.976439 40 
8.66732 -8.83844 1.1464 59 
8.76553 -8.93453 1.34071 71 
8.84198 -9.01497 1.53232 59 
5.1348 -5.19774 -2.19173 41 
5.54879 -5.62151 -2.24644 38 
5.74856 -5.82878 -2.19589 36 
6.23849 -6.33064 -2.24866 95 
1.39802 -1.41991 -0.47295 24 
1.41033 -1.43347 -0.446917 20 
1.4116 -1.43556 -0.416754 14 
1.42893 -1.45409 -0.391849 13 
1.45449 -1.48082 -0.367825 15 
8.59636 -8.75598 -1.99749 96 
8.68276 -8.84862 -1.83374 104 
8.75938 -8.92982 -1.67213 63 
8.98038 -9.16215 -1.52776 112 
2.15869 -2.20115 -0.324036 25 
8.84451 -9.0251 -1.14355 84 
9.42812 -9.62399 -1.03122 111 
10.3747 -10.5932 -0.921161 119 
9.09048 -9.28323 -0.626819 73 
10.1063 -10.3058 1.33673 84 
8.76553 -8.93453 1.34071 71 
8.84198 -9.01497 1.53232 59 
5.17321 -5.38497 -2.24 44 
5.46443 -5.69288 -2.24425 47 
5.74684 -5.99213 -2.22698 52 
1.40054 -1.46149 -0.51213 9 
1.3646 -1.42524 -0.468332 22 
1.36049 -1.42198 -0.437371 19 
1.36706 -1.42965 -0.409456 15 
1.38406 -1.44834 -0.385054 16 
1.42279 -1.48959 -0.365033 15 
8.43238 -8.83232 -1.98785 103 
8.53652 -8.94609 -1.82906 107 
8.66395 -9.0828 -1.67796 107 
8.90365 -9.34127 -1.53675 38 
2.17716 -2.28289 -0.331562 27 
2.4295 -2.54936 -0.318693 26 
8.82516 -9.26378 -0.979321 106 
8.90699 -9.35229 -0.802357 59 
9.32092 -9.78827 -0.652069 98 
9.02679 -9.47212 -0.443425 34 
9.09026 -9.54538 -0.265977 38 
8.47988 -8.89667 0.79049 63 
8.5788 -8.99606 1.1512 36 
5.17321 -5.38497 -2.24 44 
5.46443 -5.69288 -2.24425 47 
5.74684 -5.99213 -2.22698 52 
6.16023 -6.42832 -2.25259 53 
1.3646 -1.42524 -0.468332 22 
1.36049 -1.42198 -0.437371 19 
1.36706 -1.42965 -0.409456 15 
1.38406 -1.44834 -0.385054 16 
1.42279 -1.48959 -0.365033 15 
8.43238 -8.83232 -1.98785 103 
8.53652 -8.94609 -1.82906 107 
8.66395 -9.0828 -1.67796 107 
8.90365 -9.34127 -1.53675 38 
9.05459 -9.49431 -1.37893 122 
9.28653 -9.74467 -1.21817 117 
9.51566 -9.9886 -1.05594 109 
9.55127 -10.0288 -0.860395 63 
9.32092 -9.78827 -0.652069 98 
9.02679 -9.47212 -0.443425 34 
8.47988 -8.89667 0.79049 63 
8.5788 -8.99606 1.1512 36 
5.08706 -5.44548 -2.2354 69 
5.37391 -5.75738 -2.23988 56 
5.75484 -6.17067 -2.26325 52 
1.34299 -1.44119 -0.498395 17 
1.33662 -1.43561 -0.46556 17 
1.33784 -1.43798 -0.436504 13 
1.33896 -1.43999 -0.407024 13 
1.34232 -1.44451 -0.379014 13 
1.37505 -1.48045 -0.358054 20 
8.3163 -8.95787 -1.98978 79 
8.44577 -9.10211 -1.83667 112 
8.48236 -9.14475 -1.66736 112 
8.73996 -9.42972 -1.53107 104 
2.16942 -2.33932 -0.335325 19 
2.39909 -2.58888 -0.319414 31 
8.966 -9.67868 -1.00985 106 
9.10734 -9.83538 -0.646672 95 
8.95338 -9.66844 -0.265896 17 
8.72951 -9.42636 0.102694 45 
8.4984 -9.16461 1.15747 55 
5.08706 -5.44548 -2.2354 69 
5.37391 -5.75738 -2.23988 56 
5.75484 -6.17067 -2.26325 52 
1.34299 -1.44119 -0.498395 17 
1.33662 -1.43561 -0.46556 17 
1.33784 -1.43798 -0.436504 13 
1.33896 -1.43999 -0.407024 13 
1.34232 -1.44451 -0.379014 13 
8.25297 -8.88561 -2.14902 125 
8.3163 -8.95787 -1.98978 79 
8.44577 -9.10211 -1.83667 112 
8.48236 -9.14475 -1.66736 112 
8.73996 -9.42972 -1.53107 104 
8.86434 -9.55855 -1.37015 112 
9.10895 -9.82955 -1.21276 120 
8.966 -9.67868 -1.00985 106 
9.10734 -9.83538 -0.646672 95 
8.95338 -9.66844 -0.265896 17 
8.4984 -9.16461 1.15747 55 
5.00795 -5.51314 -2.23425 44 
5.24646 -5.78056 -2.22018 40 
5.71484 -6.30194 -2.2819 45 
1.30711 -1.44255 -0.492508 22 
1.29816 -1.43393 -0.459094 16 
1.30192 -1.43914 -0.431297 13 
1.29509 -1.4324 -0.399727 13 
1.31938 -1.46019 -0.378259 13 
1.3516 -1.49659 -0.357356 17 
8.16925 -9.04967 -1.98464 107 
8.2993 -9.19858 -1.83257 107 
8.34324 -9.25051 -1.66524 106 
8.57288 -9.51247 -1.52492 59 
2.16319 -2.39893 -0.339506 25 
2.35204 -2.61028 -0.317972 32 
8.51769 -9.4562 -0.974131 112 
8.8668 -9.84655 -0.823191 99 
9.16161 -10.1754 -0.66055 55 
8.56329 -9.51017 -0.25823 51 
8.58311 -9.52784 -0.0736332 63 
8.67467 -9.63352 0.103621 71 
8.09341 -8.98486 0.610469 49 
8.23083 -9.13294 0.790747 36 
8.36896 -9.28002 1.51642 95 
5.00795 -5.51314 -2.23425 44 
5.24646 -5.78056 -2.22018 40 
5.71484 -6.30194 -2.2819 45 
1.30711 -1.44255 -0.492508 22 
1.29816 -1.43393 -0.459094 16 
1.30192 -1.43914 -0.431297 13 
1.29509 -1.4324 -0.399727 13 
1.31938 -1.46019 -0.378259 13 
8.08586 -8.95321 -2.13785 122 
8.16925 -9.04967 -1.98464 107 
8.2993 -9.19858 -1.83257 107 
8.34324 -9.25051 -1.66524 106 
8.57288 -9.51247 -1.52492 59 
8.68473 -9.63116 -1.36304 117 
8.97082 -9.95578 -1.21276 123 
8.94477 -9.93035 -1.02298 114 
8.8668 -9.84655 -0.823191 99 
9.16161 -10.1754 -0.66055 55 
8.56329 -9.51017 -0.25823 51 
8.09341 -8.98486 0.610469 49 
8.23083 -9.13294 0.790747 36 
8.36896 -9.28002 1.51642 95 
4.93556 -5.58827 -2.23655 41 
5.0125 -5.68016 -2.15453 40 
1.26477 -1.43445 -0.512961 13 
1.27146 -1.44321 -0.486622 18 
1.26772 -1.44023 -0.455399 13 
1.26622 -1.43959 -0.42609 12 
1.26979 -1.44445 -0.398105 15 
1.28331 -1.46077 -0.373729 12 
1.32538 -1.50939 -0.35596 17 
7.97179 -9.08273 -1.96728 107 
8.14658 -9.28679 -1.8273 104 
8.23679 -9.39293 -1.67001 52 
8.3607 -9.54162 -1.51073 107 
2.16882 -2.47377 -0.345778 30 
2.29437 -2.6189 -0.315088 14 
8.85518 -10.1113 -1.02878 98 
8.85205 -10.1106 -0.834848 96 
9.07654 -10.3684 -0.66479 95 
8.88565 -10.1425 -0.456973 87 
8.5008 -9.71005 -0.260409 98 
8.49979 -9.70856 0.103141 87 
8.11457 -9.26528 0.621763 56 
8.03412 -9.16891 0.784071 79 
4.93556 -5.58827 -2.23655 41 
5.0125 -5.68016 -2.15453 40 
5.6263 -6.38111 -2.2819 98 
1.27146 -1.44321 -0.486622 18 
1.26772 -1.44023 -0.455399 13 
1.26622 -1.43959 -0.42609 12 
1.26979 -1.44445 -0.398105 15 
1.28331 -1.46077 -0.373729 12 
7.8977 -8.9942 -2.1211 122 
7.97179 -9.08273 -1.96728 107 
8.14658 -9.28679 -1.8273 104 
8.23679 -9.39293 -1.67001 52 
8.3607 -9.54162 -1.51073 107 
8.53892 -9.73952 -1.36137 122 
8.74957 -9.98717 -1.20159 101 
8.85518 -10.1113 -1.02878 98 
8.85205 -10.1106 -0.834848 96 
9.07654 -10.3684 -0.66479 95 
8.03412 -9.16891 0.784071 79 
2.98766 -5.40388 -2.15488 98 
2.98766 -5.40388 -2.15488 98 
4.84707 -5.64501 -2.23195 99 
4.94022 -5.75836 -2.15781 51 
1.24964 -1.45783 -0.515034 18 
1.2411 -1.44904 -0.482697 18 
1.22725 -1.43414 -0.44801 13 
1.23331 -1.44229 -0.421751 12 
1.23677 -1.44715 -0.394051 12 
1.26279 -1.47854 -0.373729 12 
1.26837 -1.48581 -0.346188 14 
7.80063 -9.14209 -1.95636 48 
7.84923 -9.20393 -1.78926 59 
7.96852 -9.34711 -1.64192 79 
8.07985 -9.48508 -1.48377 112 
2.14955 -2.52197 -0.348287 27 
2.2085 -2.59305 -0.308238 13 
8.5063 -9.99099 -1.00435 73 
8.61428 -10.1207 -0.825672 111 
8.47256 -9.95558 -0.630674 112 
8.83649 -10.3751 -0.461851 63 
8.35921 -9.8217 -0.260248 98 
8.42006 -9.88864 -0.0745749 46 
8.32712 -9.78364 0.102694 24 
8.36797 -9.824 0.287437 48 
8.37499 -9.83745 0.466287 47 
4.84707 -5.64501 -2.23195 99 
4.94022 -5.75836 -2.15781 51 
5.41093 -6.31238 -2.23009 109 
1.2411 -1.44904 -0.482697 18 
1.22725 -1.43414 -0.44801 13 
1.23331 -1.44229 -0.421751 12 
1.23677 -1.44715 -0.394051 12 
1.26279 -1.47854 -0.373729 12 
7.70742 -9.0287 -2.10365 115 
7.80063 -9.14209 -1.95636 48 
7.84923 -9.20393 -1.78926 59 
7.96852 -9.34711 -1.64192 79 
8.07985 -9.48508 -1.48377 112 
8.37888 -9.83054 -1.35761 119 
8.62735 -10.1296 -1.20411 96 
8.5063 -9.99099 -1.00435 73 
8.61428 -10.1207 -0.825672 111 
8.47256 -9.95558 -0.630674 112 
2.89589 -5.4151 -2.14302 109 
2.89589 -5.4151 -2.14302 109 
4.76042 -5.70331 -2.22851 98 
4.98994 -5.98337 -2.2158 54 
1.21433 -1.45733 -0.508816 15 
1.19593 -1.43642 -0.472886 19 
1.18719 -1.4272 -0.44062 12 
1.19558 -1.43835 -0.415676 11 
1.20393 -1.44922 -0.389997 10 
1.21442 -1.46278 -0.365424 12 
1.21229 -1.46094 -0.336417 7 
7.61425 -9.18022 -1.94158 101 
7.68207 -9.26692 -1.78048 84 
7.85241 -9.47577 -1.6451 109 
7.97196 -9.62756 -1.4885 95 
2.12428 -2.56399 -0.349959 14 
2.18732 -2.64205 -0.310401 26 
8.249 -9.96744 -0.990311 103 
8.266 -9.99082 -0.805582 63 
8.11881 -9.81431 -0.614483 71 
8.52506 -10.2974 -0.453045 41 
8.24931 -9.97135 -0.261135 43 
8.08989 -9.77414 -0.0728523 26 
8.29169 -10.0222 0.103973 20 
4.76042 -5.70331 -2.22851 98 
4.98994 -5.98337 -2.2158 54 
5.15162 -6.18252 -2.15858 103 
1.19593 -1.43642 -0.472886 19 
1.18719 -1.4272 -0.44062 12 
1.19558 -1.43835 -0.415676 11 
1.20393 -1.44922 -0.389997 10 
1.21442 -1.46278 -0.365424 12 
7.46994 -9.00207 -2.07294 96 
7.61425 -9.18022 -1.94158 101 
7.68207 -9.26692 -1.78048 84 
7.85241 -9.47577 -1.6451 109 
7.97196 -9.62756 -1.4885 95 
2.12428 -2.56399 -0.349959 14 
8.29709 -10.022 -1.17743 117 
8.249 -9.96744 -0.990311 103 
8.266 -9.99082 -0.805582 63 
8.11881 -9.81431 -0.614483 71 
8.52506 -10.2974 -0.453045 41 
2.79572 -5.40804 -2.12457 107 
2.79572 -5.40804 -2.12457 107 
4.67308 -5.76029 -2.22506 47 
4.88168 -6.02257 -2.20486 54 
1.18171 -1.45913 -0.503635 19 
1.166 -1.44092 -0.468962 15 
1.15981 -1.43455 -0.437849 12 
1.16802 -1.44579 -0.413073 12 
1.17866 -1.45979 -0.388375 11 
1.19142 -1.47654 -0.364669 10 
7.28666 -9.03498 -2.05689 109 
7.39614 -9.17499 -1.91844 59 
7.51718 -9.33014 -1.77228 109 
7.61987 -9.46098 -1.6239 103 
7.70478 -9.57393 -1.46343 41 
7.79674 -9.68265 -1.3066 48 
7.92659 -9.85131 -1.14427 95 
7.94655 -9.87964 -0.970468 95 
7.87802 -9.79724 -0.781027 114 
7.57544 -9.42228 -0.583258 96 
7.83162 -9.73327 -0.423374 96 
8.26966 -10.285 -0.2663 63 
8.19582 -10.1885 -0.0750802 63 
7.85269 -9.76608 0.100168 45 
4.67308 -5.76029 -2.22506 47 
4.88168 -6.02257 -2.20486 54 
5.02833 -6.20881 -2.14304 109 
1.166 -1.44092 -0.468962 15 
1.15981 -1.43455 -0.437849 12 
1.16802 -1.44579 -0.413073 12 
1.17866 -1.45979 -0.388375 11 
1.19142 -1.47654 -0.364669 10 
7.28666 -9.03498 -2.05689 109 
7.39614 -9.17499 -1.91844 59 
7.51718 -9.33014 -1.77228 109 
7.61987 -9.46098 -1.6239 103 
7.70478 -9.57393 -1.46343 41 
7.79674 -9.68265 -1.3066 48 
7.92659 -9.85131 -1.14427 95 
7.94655 -9.87964 -0.970468 95 
7.87802 -9.79724 -0.781027 114 
7.57544 -9.42228 -0.583258 96 
7.83162 -9.73327 -0.423374 96 
8.26966 -10.285 -0.2663 63 
7.85269 -9.76608 0.100168 45 
2.70813 -5.42289 -2.11534 109 
2.70813 -5.42289 -2.11534 109 
4.36891 -5.53438 -2.23251 40 
4.57323 -5.80091 -2.21586 59 
4.78998 -6.08108 -2.20158 60 
1.13732 -1.44513 -0.493272 14 
1.13378 -1.44182 -0.464057 15 
1.12765 -1.4353 -0.43323 11 
1.12602 -1.43432 -0.405263 11 
1.14607 -1.4607 -0.384321 10 
1.15614 -1.47448 -0.360139 10 
7.15494 -9.12963 -2.05549 43 
7.23566 -9.23695 -1.91008 104 
7.35447 -9.39369 -1.76467 73 
7.41617 -9.4759 -1.60853 95 
7.45536 -9.53351 -1.4412 106 
7.5088 -9.59632 -1.28067 55 
7.57234 -9.68485 -1.11254 63 
7.62854 -9.76023 -0.948183 84 
7.6741 -9.82135 -0.774331 71 
7.80718 -9.9931 -0.611785 79 
7.7639 -9.92985 -0.427168 73 
7.61312 -9.744 -0.249515 59 
7.97784 -10.2079 0.467586 87 
4.36891 -5.53438 -2.23251 40 
4.57323 -5.80091 -2.21586 59 
4.78998 -6.08108 -2.20158 60 
1.13732 -1.44513 -0.493272 14 
1.13378 -1.44182 -0.464057 15 
1.12765 -1.4353 -0.43323 11 
1.12602 -1.43432 -0.405263 11 
1.14607 -1.4607 -0.384321 10 
1.15614 -1.47448 -0.360139 10 
7.15494 -9.12963 -2.05549 43 
7.23566 -9.23695 -1.91008 104 
7.35447 -9.39369 -1.76467 73 
7.41617 -9.4759 -1.60853 95 
7.45536 -9.53351 -1.4412 106 
7.5088 -9.59632 -1.28067 55 
7.57234 -9.68485 -1.11254 63 
7.62854 -9.76023 -0.948183 84 
7.6741 -9.82135 -0.774331 71 
7.80718 -9.9931 -0.611785 79 
7.7639 -9.92985 -0.427168 73 
7.61312 -9.744 -0.249515 59 
2.69939 -5.59966 -2.16938 104 
2.69939 -5.59966 -2.16938 104 
4.26568 -5.56156 -2.21923 40 
4.47315 -5.83986 -2.20667 63 
4.69057 -6.12903 -2.19501 57 
1.10296 -1.44245 -0.487054 17 
1.09706 -1.43594 -0.457189 13 
1.10277 -1.44472 -0.431382 13 
1.09641 -1.43748 -0.401792 11 
1.11844 -1.46721 -0.381889 12 
7.08925 -9.31509 -1.90558 41 
7.09563 -9.32854 -1.73365 103 
7.24235 -9.52487 -1.59952 107 
7.33354 -9.65249 -1.44357 109 
7.38853 -9.71922 -1.28318 71 
7.51349 -9.89114 -1.12408 103 
7.58559 -9.98967 -0.960089 96 
7.51208 -9.89574 -0.77185 52 
7.66206 -10.0948 -0.611399 55 
7.70189 -10.1392 -0.431503 79 
7.95992 -10.4864 -0.265654 45 
8.1549 -10.7382 -0.0774228 41 
7.78976 -10.2619 0.102982 104 
7.79928 -10.2662 0.28717 27 
4.26568 -5.56156 -2.21923 40 
4.47315 -5.83986 -2.20667 63 
4.69057 -6.12903 -2.19501 57 
1.10296 -1.44245 -0.487054 17 
1.09706 -1.43594 -0.457189 13 
1.10277 -1.44472 -0.431382 13 
1.09641 -1.43748 -0.401792 11 
1.11844 -1.46721 -0.381889 12 
7.00053 -9.19417 -2.04782 119 
7.08925 -9.31509 -1.90558 41 
7.09563 -9.32854 -1.73365 103 
7.24235 -9.52487 -1.59952 107 
7.33354 -9.65249 -1.44357 109 
7.38853 -9.71922 -1.28318 71 
7.51349 -9.89114 -1.12408 103 
7.58559 -9.98967 -0.960089 96 
7.51208 -9.89574 -0.77185 52 
7.66206 -10.0948 -0.611399 55 
7.70189 -10.1392 -0.431503 79 
7.95992 -10.4864 -0.265654 45 
8.1549 -10.7382 -0.0774228 41 
7.78976 -10.2619 0.102982 104 
2.6305 -5.65735 -2.17729 111 
2.6305 -5.65735 -2.17729 111 
4.18533 -5.61752 -2.21802 42 
4.35458 -5.85256 -2.18828 59 
4.61372 -6.20627 -2.19939 54 
1.07349 -1.4453 -0.482909 18 
1.06535 -1.43555 -0.452283 13 
1.06627 -1.43809 -0.424916 13 
1.07159 -1.44637 -0.400056 12 
6.89983 -9.33379 -1.88952 95 
7.01877 -9.4999 -1.74711 98 
7.10159 -9.61549 -1.59793 104 
7.10372 -9.62611 -1.42465 103 
7.1245 -9.64863 -1.26061 109 
7.37198 -9.9951 -0.950625 106 
7.449 -10.1025 -0.779787 107 
7.39472 -10.0303 -0.601183 104 
7.80167 -10.5738 -0.445322 55 
7.54455 -10.2328 -0.256536 96 
7.44381 -10.0914 -0.0720025 103 
7.40361 -10.0413 0.0997204 98 
7.53883 -10.2165 0.282806 63 
4.18533 -5.61752 -2.21802 42 
4.35458 -5.85256 -2.18828 59 
4.61372 -6.20627 -2.19939 54 
1.07349 -1.4453 -0.482909 18 
1.06535 -1.43555 -0.452283 13 
1.06627 -1.43809 -0.424916 13 
1.07159 -1.44637 -0.400056 12 
6.89983 -9.33379 -1.88952 95 
7.01877 -9.4999 -1.74711 98 
7.10159 -9.61549 -1.59793 104 
7.10372 -9.62611 -1.42465 103 
7.1245 -9.64863 -1.26061 109 
7.37198 -9.9951 -0.950625 106 
7.449 -10.1025 -0.779787 107 
7.39472 -10.0303 -0.601183 104 
7.80167 -10.5738 -0.445322 55 
7.54455 -10.2328 -0.256536 96 
7.44381 -10.0914 -0.0720025 103 
7.40361 -10.0413 0.0997204 98 
7.53883 -10.2165 0.282806 63 
4.10202 -5.66922 -2.21561 34 
4.26796 -5.90658 -2.18598 47 
1.04417 -1.44762 -0.478764 16 
1.04294 -1.44714 -0.451302 14 
1.04154 -1.44652 -0.423069 11 
1.03761 -1.44218 -0.394849 10 
6.85085 -9.54874 -1.73833 84 
6.81183 -9.49785 -1.56242 122 
6.96862 -9.72435 -1.42465 114 
6.97286 -9.72453 -1.25768 104 
6.79819 -9.48827 -1.0563 96 
7.29906 -10.1911 -0.959478 99 
7.40948 -10.3483 -0.7907 106 
6.85392 -9.57382 -0.568031 107 
7.5648 -10.5582 -0.440174 99 
7.35206 -10.2689 -0.254841 104 
7.12051 -9.94069 -0.0702111 95 
7.29529 -10.1892 0.100168 52 
7.59111 -10.5938 0.290288 40 
4.10202 -5.66922 -2.21561 34 
4.26796 -5.90658 -2.18598 47 
4.57391 -6.3356 -2.22237 51 
1.04417 -1.44762 -0.478764 16 
1.04294 -1.44714 -0.451302 14 
1.04154 -1.44652 -0.423069 11 
1.03761 -1.44218 -0.394849 10 
6.72049 -9.36187 -1.87602 111 
6.85085 -9.54874 -1.73833 84 
6.81183 -9.49785 -1.56242 122 
6.96862 -9.72435 -1.42465 114 
6.97286 -9.72453 -1.25768 104 
7.3272 -10.2266 -1.1385 99 
7.29906 -10.1911 -0.959478 99 
7.40948 -10.3483 -0.7907 106 
6.85392 -9.57382 -0.568031 107 
7.5648 -10.5582 -0.440174 99 
7.35206 -10.2689 -0.254841 104 
7.12051 -9.94069 -0.0702111 95 
7.29529 -10.1892 0.100168 52 
3.99178 -5.68226 -2.1987 45 
4.24228 -6.04715 -2.21586 95 
1.01056 -1.44307 -0.472546 15 
1.00707 -1.43932 -0.444435 16 
1.01009 -1.44498 -0.41845 13 
1.0129 -1.45012 -0.393114 12 
0.993242 -1.42283 -0.359186 10 
0.990964 -1.42194 -0.282142 11 
6.54951 -9.40319 -1.69502 111 
6.68082 -9.59529 -1.56295 107 
6.48285 -9.31858 -1.35181 119 
6.82505 -9.80461 -1.25559 96 
6.91982 -9.94855 -1.09668 87 
7.12418 -10.2462 -0.955204 73 
7.1982 -10.3557 -0.783507 103 
7.46063 -10.7348 -0.630674 103 
7.46001 -10.7252 -0.442748 103 
7.32813 -10.5383 -0.0737021 63 
7.42169 -10.6776 0.103941 48 
7.48356 -10.7578 0.291891 46 
3.99178 -5.68226 -2.1987 45 
4.24228 -6.04715 -2.21586 95 
4.46072 -6.36418 -2.21033 54 
1.01056 -1.44307 -0.472546 15 
1.00707 -1.43932 -0.444435 16 
1.01009 -1.44498 -0.41845 13 
1.0129 -1.45012 -0.393114 12 
0.993242 -1.42283 -0.359186 10 
6.57784 -9.43859 -1.87281 107 
6.54951 -9.40319 -1.69502 111 
6.68082 -9.59529 -1.56295 107 
6.48285 -9.31858 -1.35181 119 
6.82505 -9.80461 -1.25559 96 
6.91982 -9.94855 -1.09668 87 
7.12418 -10.2462 -0.955204 73 
7.1982 -10.3557 -0.783507 103 
7.46063 -10.7348 -0.630674 103 
7.46001 -10.7252 -0.442748 103 
7.32813 -10.5383 -0.0737021 63 
7.42169 -10.6776 0.103941 48 
3.86694 -5.67128 -2.17335 40 
4.17037 -6.12479 -2.22276 63 
0.986817 -1.45059 -0.498966 14 
0.979453 -1.44106 -0.467365 15 
0.978162 -1.44041 -0.44051 17 
0.974523 -1.43639 -0.411984 17 
0.983787 -1.45119 -0.389642 13 
0.973279 -1.43656 -0.359186 14 
0.955774 -1.41167 -0.327673 11 
0.94254 -1.39286 -0.298029 10 
0.984285 -1.45526 -0.285998 9 
6.32672 -9.35931 -1.67103 96 
6.49736 -9.61536 -1.55129 87 
6.52769 -9.66824 -1.38917 55 
6.54719 -9.69128 -1.22925 99 
6.75065 -10.0041 -0.923761 52 
6.95021 -10.303 -0.772098 87 
6.86543 -10.1788 -0.592317 45 
6.86667 -10.1722 -0.415923 87 
7.17876 -10.6426 -0.259037 103 
7.0505 -10.4473 -0.07237 53 
7.2182 -10.7006 0.103173 55 
7.24089 -10.7254 0.288239 59 
7.01158 -10.3916 0.452437 38 
3.86694 -5.67128 -2.17335 40 
4.17037 -6.12479 -2.22276 63 
4.36277 -6.41312 -2.20596 95 
0.979453 -1.44106 -0.467365 15 
0.978162 -1.44041 -0.44051 17 
0.974523 -1.43639 -0.411984 17 
0.983787 -1.45119 -0.389642 13 
0.973279 -1.43656 -0.359186 14 
0.955774 -1.41167 -0.327673 11 
0.94254 -1.39286 -0.298029 10 
0.984285 -1.45526 -0.285998 9 
6.32672 -9.35931 -1.67103 96 
6.49736 -9.61536 -1.55129 87 
6.52769 -9.66824 -1.38917 55 
6.54719 -9.69128 -1.22925 99 
6.75065 -10.0041 -0.923761 52 
6.95021 -10.303 -0.772098 87 
6.86543 -10.1788 -0.592317 45 
6.86667 -10.1722 -0.415923 87 
7.17876 -10.6426 -0.259037 103 
7.0505 -10.4473 -0.07237 53 
7.2182 -10.7006 0.103173 55 
7.24089 -10.7254 0.288239 59 
3.64456 -5.50279 -2.196 43 
3.76002 -5.68337 -2.15765 98 
4.08656 -6.18562 -2.22391 79 
0.962229 -1.4578 -0.496778 14 
0.948603 -1.43847 -0.462183 17 
0.953688 -1.44745 -0.438548 21 
0.943674 -1.43361 -0.407365 14 
0.9527 -1.44848 -0.385303 14 
0.950976 -1.44673 -0.358376 11 
0.951067 -1.44786 -0.332959 16 
0.951102 -1.44869 -0.307103 9 
0.942211 -1.43585 -0.279572 11 
6.10212 -9.30445 -1.64586 103 
6.27987 -9.57914 -1.53115 99 
6.1766 -9.42951 -1.34235 106 
6.37417 -9.72519 -1.22214 101 
6.57823 -10.0446 -1.08658 55 
6.49016 -9.91386 -0.906971 73 
6.54989 -10.0081 -0.74308 63 
6.56295 -10.0296 -0.578246 48 
6.64951 -10.1534 -0.411317 109 
6.94625 -10.6146 -0.255971 101 
7.25232 -11.0768 -0.0760218 63 
6.95201 -10.623 0.101479 46 
6.7793 -10.3504 0.275591 49 
6.67534 -10.1975 0.439885 45 
3.64456 -5.50279 -2.196 43 
3.76002 -5.68337 -2.15765 98 
4.08656 -6.18562 -2.22391 79 
0.962229 -1.4578 -0.496778 14 
0.948603 -1.43847 -0.462183 17 
0.953688 -1.44745 -0.438548 21 
0.943674 -1.43361 -0.407365 14 
0.9527 -1.44848 -0.385303 14 
0.950976 -1.44673 -0.358376 11 
0.951067 -1.44786 -0.332959 16 
0.951102 -1.44869 -0.307103 9 
0.942211 -1.43585 -0.279572 11 
6.10212 -9.30445 -1.64586 103 
6.27987 -9.57914 -1.53115 99 
6.1766 -9.42951 -1.34235 106 
6.37417 -9.72519 -1.22214 101 
6.57823 -10.0446 -1.08658 55 
6.49016 -9.91386 -0.906971 73 
6.54989 -10.0081 -0.74308 63 
6.56295 -10.0296 -0.578246 48 
6.64951 -10.1534 -0.411317 109 
6.94625 -10.6146 -0.255971 101 
7.25232 -11.0768 -0.0760218 63 
6.95201 -10.623 0.101479 46 
6.7793 -10.3504 0.275591 49 
6.67534 -10.1975 0.439885 45 
2.2389 -5.85175 -2.18651 99 
2.2389 -5.85175 -2.18651 99 
3.54686 -5.52121 -2.18337 46 
3.67825 -5.7321 -2.15644 45 
4.00187 -6.2453 -2.22506 79 
0.933483 -1.45813 -0.492401 18 
0.9201 -1.43856 -0.458038 17 
0.922945 -1.44428 -0.433643 15 
0.923565 -1.44664 -0.407365 13 
0.930284 -1.45834 -0.384436 13 
0.943317 -1.47969 -0.363241 21 
0.953975 -1.49744 -0.341264 26 
0.954052 -1.49837 -0.31478 7 
0.941149 -1.47885 -0.285356 8 
5.96736 -9.38207 -1.64469 99 
6.03916 -9.4986 -1.50465 88 
5.95915 -9.38072 -1.32343 95 
6.14173 -9.66216 -1.20332 101 
6.29425 -9.91013 -1.06243 63 
6.33401 -9.97658 -0.904529 56 
6.42235 -10.1188 -0.744568 43 
6.37732 -10.0494 -0.574199 84 
6.40636 -10.0866 -0.404949 56 
6.94952 -10.9503 -0.2617 96 
6.99404 -11.0149 -0.0749194 59 
6.91018 -10.8879 0.103077 52 
6.68558 -10.525 0.277728 40 
6.75298 -10.6373 0.454745 52 
3.54686 -5.52121 -2.18337 46 
3.67825 -5.7321 -2.15644 45 
4.00187 -6.2453 -2.22506 79 
0.933483 -1.45813 -0.492401 18 
0.9201 -1.43856 -0.458038 17 
0.922945 -1.44428 -0.433643 15 
0.923565 -1.44664 -0.407365 13 
0.930284 -1.45834 -0.384436 13 
0.943317 -1.47969 -0.363241 21 
0.953975 -1.49744 -0.341264 26 
0.954052 -1.49837 -0.31478 7 
0.941149 -1.47885 -0.285356 8 
5.96736 -9.38207 -1.64469 99 
6.03916 -9.4986 -1.50465 88 
5.95915 -9.38072 -1.32343 95 
6.14173 -9.66216 -1.20332 101 
6.29425 -9.91013 -1.06243 63 
6.33401 -9.97658 -0.904529 56 
6.42235 -10.1188 -0.744568 43 
6.37732 -10.0494 -0.574199 84 
6.40636 -10.0866 -0.404949 56 
6.94952 -10.9503 -0.2617 96 
6.99404 -11.0149 -0.0749194 59 
6.91018 -10.8879 0.103077 52 
6.75298 -10.6373 0.454745 52 
2.15438 -5.87535 -2.18388 68 
2.15438 -5.87535 -2.18388 68 
3.47545 -5.57985 -2.18716 103 
3.70059 -5.94803 -2.21802 54 
3.91428 -6.30056 -2.22506 98 
0.902888 -1.45468 -0.48693 18 
0.893817 -1.44141 -0.454929 15 
0.894521 -1.44384 -0.429718 16 
0.893036 -1.44285 -0.402747 14 
0.899562 -1.45459 -0.380097 13 
0.918447 -1.48605 -0.361619 14 
0.951551 -1.5407 -0.348059 17 
0.959933 -1.55512 -0.323854 9 
0.947358 -1.53552 -0.293711 11 
0.971939 -1.57629 -0.273919 12 
5.85602 -9.50099 -1.49193 99 
5.94631 -9.65579 -1.35039 103 
5.83301 -9.46587 -1.16862 106 
6.13021 -9.95634 -1.0581 52 
6.15856 -10.0063 -0.899339 73 
6.02939 -9.7995 -0.714805 59 
6.18405 -10.0524 -0.56938 48 
6.28377 -10.2057 -0.406168 56 
6.7226 -10.927 -0.258876 84 
6.62989 -10.7708 -0.0726227 40 
6.82666 -11.0957 0.104133 38 
6.57153 -10.6719 0.279154 30 
6.49485 -10.5535 0.447243 79 
3.47545 -5.57985 -2.18716 103 
3.70059 -5.94803 -2.21802 54 
3.91428 -6.30056 -2.22506 98 
0.902888 -1.45468 -0.48693 18 
0.893817 -1.44141 -0.454929 15 
0.894521 -1.44384 -0.429718 16 
0.893036 -1.44285 -0.402747 14 
0.899562 -1.45459 -0.380097 13 
0.918447 -1.48605 -0.361619 14 
0.951551 -1.5407 -0.348059 17 
0.959933 -1.55512 -0.323854 9 
0.947358 -1.53552 -0.293711 11 
5.82748 -9.451 -1.64235 112 
5.85602 -9.50099 -1.49193 99 
5.94631 -9.65579 -1.35039 103 
5.83301 -9.46587 -1.16862 106 
6.13021 -9.95634 -1.0581 52 
6.15856 -10.0063 -0.899339 73 
6.02939 -9.7995 -0.714805 59 
6.18405 -10.0524 -0.56938 48 
6.28377 -10.2057 -0.406168 56 
6.7226 -10.927 -0.258876 84 
6.62989 -10.7708 -0.0726227 40 
6.82666 -11.0957 0.104133 38 
6.57153 -10.6719 0.279154 30 
6.49485 -10.5535 0.447243 79 
2.06338 -5.87991 -2.17465 107 
2.06338 -5.87991 -2.17465 107 
3.39132 -5.61809 -2.18337 63 
3.6034 -5.97626 -2.20957 45 
3.81605 -6.33819 -2.21931 89 
0.874557 -1.45396 -0.482553 20 
0.861664 -1.43388 -0.448711 15 
0.868286 -1.44622 -0.426775 17 
0.8688 -1.4485 -0.400899 12 
0.885187 -1.47705 -0.3827 12 
0.891571 -1.48865 -0.359186 12 
0.92793 -1.55046 -0.347304 12 
0.956323 -1.59879 -0.330135 11 
0.960266 -1.60621 -0.304637 11 
1.01072 -1.69161 -0.291478 12 
5.71059 -9.5614 -1.48875 99 
5.75393 -9.64237 -1.33714 117 
5.85732 -9.80939 -1.20082 107 
5.64973 -9.46963 -0.997898 96 
6.11018 -10.2455 -0.913076 109 
6.11278 -10.2531 -0.741591 99 
6.09833 -10.2304 -0.574584 111 
6.05259 -10.1449 -0.400343 63 
6.52843 -10.9511 -0.257262 47 
6.42938 -10.7845 0.10036 38 
6.37758 -10.6947 0.449407 11 
3.39132 -5.61809 -2.18337 63 
3.6034 -5.97626 -2.20957 45 
3.81605 -6.33819 -2.21931 89 
0.874557 -1.45396 -0.482553 20 
0.861664 -1.43388 -0.448711 15 
0.868286 -1.44622 -0.426775 17 
0.8688 -1.4485 -0.400899 12 
0.885187 -1.47705 -0.3827 12 
0.891571 -1.48865 -0.359186 12 
0.92793 -1.55046 -0.347304 12 
0.956323 -1.59879 -0.330135 11 
0.960266 -1.60621 -0.304637 11 
5.67872 -9.50427 -1.63766 109 
5.71059 -9.5614 -1.48875 99 
5.75393 -9.64237 -1.33714 117 
5.85732 -9.80939 -1.20082 107 
6.07836 -10.1881 -1.07361 99 
6.11018 -10.2455 -0.913076 109 
6.11278 -10.2531 -0.741591 99 
6.09833 -10.2304 -0.574584 111 
6.05259 -10.1449 -0.400343 63 
6.52843 -10.9511 -0.257262 47 
6.42938 -10.7845 0.10036 38 
6.37758 -10.6947 0.449407 11 
1.97988 -5.90457 -2.17333 111 
1.97988 -5.90457 -2.17333 111 
3.29147 -5.62885 -2.16948 68 
3.40613 -5.83171 -2.13833 49 
3.74069 -6.41402 -2.22736 95 
0.844487 -1.4494 -0.477082 23 
0.837673 -1.43909 -0.446639 15 
0.842161 -1.44814 -0.423832 16 
0.838716 -1.44367 -0.396281 12 
0.850756 -1.46563 -0.376625 12 
0.860872 -1.48401 -0.355132 12 
0.884522 -1.52588 -0.338999 14 
0.955626 -1.64947 -0.337813 15 
0.9694 -1.67412 -0.31492 14 
0.98106 -1.69528 -0.289723 15 
5.49912 -9.50636 -1.46808 101 
5.577 -9.64955 -1.32721 48 
5.69589 -9.84889 -1.1958 69 
5.85779 -10.1374 -1.05955 71 
5.92664 -10.2607 -0.906971 84 
5.9331 -10.2752 -0.737127 63 
5.91893 -10.2523 -0.571115 79 
5.92836 -10.2595 -0.401562 59 
6.16366 -10.6719 0.444791 15 
3.29147 -5.62885 -2.16948 68 
3.40613 -5.83171 -2.13833 49 
3.74069 -6.41402 -2.22736 95 
0.844487 -1.4494 -0.477082 23 
0.837673 -1.43909 -0.446639 15 
0.842161 -1.44814 -0.423832 16 
0.838716 -1.44367 -0.396281 12 
0.850756 -1.46563 -0.376625 12 
0.860872 -1.48401 -0.355132 12 
5.29137 -9.12811 -2.02795 112 
5.35664 -9.2459 -1.89357 115 
0.9694 -1.67412 -0.31492 14 
5.46024 -9.43536 -1.6125 117 
5.49912 -9.50636 -1.46808 101 
5.577 -9.64955 -1.32721 48 
5.69589 -9.84889 -1.1958 69 
5.85779 -10.1374 -1.05955 71 
5.92664 -10.2607 -0.906971 84 
5.9331 -10.2752 -0.737127 63 
5.91893 -10.2523 -0.571115 79 
5.92836 -10.2595 -0.401562 59 
6.16366 -10.6719 0.444791 15 
1.88114 -5.88128 -2.15488 112 
1.88114 -5.88128 -2.15488 112 
3.19947 -5.65114 -2.16064 79 
3.28871 -5.81563 -2.11539 42 
0.817562 -1.44793 -0.498799 14 
0.818497 -1.451 -0.473799 18 
0.813705 -1.44392 -0.444566 15 
0.810445 -1.43948 -0.417945 16 
0.814661 -1.44845 -0.394433 14 
0.820645 -1.46034 -0.372286 13 
0.83815 -1.49247 -0.354322 12 
0.853519 -1.52096 -0.335224 11 
0.953696 -1.70044 -0.34549 14 
0.965236 -1.72193 -0.321347 14 
0.951493 -1.69846 -0.287967 13 
5.26899 -9.40925 -1.44158 98 
5.27107 -9.42144 -1.28559 34 
5.39264 -9.63241 -1.16026 103 
5.68067 -10.1556 -1.05306 71 
5.69132 -10.1788 -0.892623 73 
5.7501 -10.2873 -0.732167 106 
5.24506 -9.38531 -0.518687 109 
5.73379 -10.2506 -0.39804 63 
3.19947 -5.65114 -2.16064 79 
3.28871 -5.81563 -2.11539 42 
3.64889 -6.46228 -2.22621 99 
0.818497 -1.451 -0.473799 18 
0.813705 -1.44392 -0.444566 15 
0.810445 -1.43948 -0.417945 16 
0.814661 -1.44845 -0.394433 14 
0.820645 -1.46034 -0.372286 13 
0.83815 -1.49247 -0.354322 12 
5.19032 -9.24905 -2.03852 101 
5.18656 -9.24765 -1.87891 112 
0.965236 -1.72193 -0.321347 14 
5.29123 -9.44509 -1.60138 111 
5.26899 -9.40925 -1.44158 98 
5.27107 -9.42144 -1.28559 34 
5.39264 -9.63241 -1.16026 103 
5.68067 -10.1556 -1.05306 71 
5.69132 -10.1788 -0.892623 73 
5.7501 -10.2873 -0.732167 106 
5.71089 -10.2189 -0.564754 112 
5.73379 -10.2506 -0.39804 63 
1.79114 -5.88168 -2.14565 107 
1.79114 -5.88168 -2.14565 107 
3.14032 -5.73187 -2.17453 56 
3.2017 -5.85094 -2.11177 60 
0.810125 -1.48273 -0.506844 12 
0.794472 -1.45553 -0.47161 16 
0.789766 -1.44836 -0.442494 13 
0.792123 -1.45407 -0.418926 19 
0.790638 -1.45285 -0.392586 14 
0.800176 -1.47166 -0.372286 13 
0.80975 -1.49026 -0.351078 10 
0.839697 -1.54653 -0.338244 8 
5.03816 -9.28455 -1.87193 117 
5.03865 -9.29049 -1.72049 101 
0.895632 -1.65244 -0.278017 12 
5.16733 -9.53767 -1.45006 99 
5.12956 -9.47665 -1.28322 98 
5.16479 -9.53536 -1.13977 98 
5.03398 -9.30201 -0.957161 107 
5.35888 -9.9065 -0.862095 106 
5.37612 -9.9417 -0.702156 117 
5.15439 -9.52452 -0.367015 55 
5.81493 -10.7541 -0.24669 55 
3.14032 -5.73187 -2.17453 56 
3.2017 -5.85094 -2.11177 60 
3.56198 -6.51933 -2.22851 95 
0.794472 -1.45553 -0.47161 16 
0.789766 -1.44836 -0.442494 13 
0.792123 -1.45407 -0.418926 19 
0.790638 -1.45285 -0.392586 14 
0.800176 -1.47166 -0.372286 13 
0.80975 -1.49026 -0.351078 10 
5.02506 -9.25503 -2.02418 88 
5.03816 -9.28455 -1.87193 117 
5.03865 -9.29049 -1.72049 101 
5.06268 -9.34062 -1.57153 107 
5.16733 -9.53767 -1.45006 99 
5.12956 -9.47665 -1.28322 98 
5.16479 -9.53536 -1.13977 98 
5.44542 -10.0623 -1.03539 111 
5.35888 -9.9065 -0.862095 106 
5.37612 -9.9417 -0.702156 117 
5.53493 -10.2277 -0.394111 59 
1.70675 -5.89886 -2.14302 59 
1.70675 -5.89886 -2.14302 59 
3.04399 -5.74498 -2.16316 59 
3.12683 -5.90856 -2.1166 54 
0.780395 -1.47696 -0.501098 15 
0.763296 -1.44607 -0.465045 18 
0.762259 -1.44557 -0.438349 15 
0.760899 -1.4444 -0.41304 17 
0.768463 -1.4603 -0.391662 14 
0.775916 -1.47577 -0.370551 13 
0.790686 -1.50489 -0.351889 12 
4.84971 -9.23734 -2.0053 99 
4.89522 -9.32957 -1.86704 101 
4.88827 -9.32147 -1.71342 99 
4.9336 -9.4139 -1.57211 95 
4.91223 -9.3771 -1.41508 96 
4.85124 -9.26933 -1.24586 59 
4.97578 -9.50082 -1.12723 95 
5.07538 -9.69965 -0.990688 99 
5.19231 -9.92735 -0.857516 99 
5.05366 -9.66554 -0.677601 59 
5.16235 -9.87509 -0.537576 111 
5.2044 -9.94622 -0.380427 106 
5.17135 -9.89147 -0.225225 73 
3.04399 -5.74498 -2.16316 59 
3.12683 -5.90856 -2.1166 54 
3.44197 -6.51422 -2.21012 104 
0.763296 -1.44607 -0.465045 18 
0.762259 -1.44557 -0.438349 15 
0.760899 -1.4444 -0.41304 17 
0.768463 -1.4603 -0.391662 14 
0.775916 -1.47577 -0.370551 13 
0.790686 -1.50489 -0.351889 12 
4.84971 -9.23734 -2.0053 99 
4.89522 -9.32957 -1.86704 101 
4.88827 -9.32147 -1.71342 99 
4.9336 -9.4139 -1.57211 95 
4.91223 -9.3771 -1.41508 96 
4.85124 -9.26933 -1.24586 59 
4.97578 -9.50082 -1.12723 95 
5.07538 -9.69965 -0.990688 99 
5.19231 -9.92735 -0.857516 99 
5.05366 -9.66554 -0.677601 59 
5.16235 -9.87509 -0.537576 111 
5.2044 -9.94622 -0.380427 106 
5.70498 -10.9122 -0.248466 95 
1.61723 -5.89662 -2.13379 107 
1.61723 -5.89662 -2.13379 107 
2.93926 -5.73962 -2.14549 68 
3.18816 -6.23344 -2.21681 60 
0.752727 -1.47407 -0.4965 16 
0.741283 -1.45316 -0.463951 19 
0.742001 -1.45607 -0.438349 16 
0.738899 -1.45143 -0.412059 14 
0.737415 -1.45007 -0.38612 13 
0.746392 -1.46906 -0.366212 12 
0.758958 -1.49483 -0.347024 11 
4.62251 -9.11149 -1.96378 96 
4.66118 -9.19326 -1.82656 99 
4.66128 -9.19865 -1.67871 99 
4.66761 -9.21711 -1.52821 98 
4.68593 -9.25729 -1.38699 96 
4.7088 -9.31135 -1.24255 63 
4.81929 -9.52323 -1.12179 82 
4.93766 -9.76601 -0.990328 87 
5.00463 -9.90277 -0.849274 103 
4.97222 -9.84206 -0.685042 98 
4.86905 -9.63951 -0.521 112 
5.36264 -10.6066 -0.402781 99 
4.85423 -9.60933 -0.217236 79 
2.93926 -5.73962 -2.14549 68 
3.18816 -6.23344 -2.21681 60 
3.34371 -6.548 -2.20552 106 
0.741283 -1.45316 -0.463951 19 
0.742001 -1.45607 -0.438349 16 
0.738899 -1.45143 -0.412059 14 
0.737415 -1.45007 -0.38612 13 
0.746392 -1.46906 -0.366212 12 
0.758958 -1.49483 -0.347024 11 
4.62251 -9.11149 -1.96378 96 
4.66118 -9.19326 -1.82656 99 
4.66128 -9.19865 -1.67871 99 
4.66761 -9.21711 -1.52821 98 
4.68593 -9.25729 -1.38699 96 
4.7088 -9.31135 -1.24255 63 
4.81929 -9.52323 -1.12179 82 
4.93766 -9.76601 -0.990328 87 
5.00463 -9.90277 -0.849274 103 
4.97222 -9.84206 -0.685042 98 
4.86905 -9.63951 -0.521 112 
5.36264 -10.6066 -0.402781 99 
1.52811 -5.89303 -2.12457 98 
1.52811 -5.89303 -2.12457 98 
2.87398 -5.81072 -2.15685 53 
3.1025 -6.28076 -2.21802 51 
0.726989 -1.47412 -0.493052 19 
0.719221 -1.45991 -0.462857 19 
0.707952 -1.43856 -0.430058 15 
0.71514 -1.45464 -0.410096 18 
0.715381 -1.45674 -0.385196 14 
0.720648 -1.46882 -0.363608 12 
0.73284 -1.49472 -0.344592 9 
3.69473 -7.54189 -1.61421 38 
3.6872 -7.53118 -1.48596 30 
3.69949 -7.56063 -1.37022 20 
3.70065 -7.56801 -1.2461 26 
3.69442 -7.55861 -1.12465 44 
3.69822 -7.57376 -1.00369 43 
3.70782 -7.58803 -0.88765 53 
3.71028 -7.60014 -0.765368 63 
3.7115 -7.606 -0.647793 63 
4.79056 -9.82082 -0.678841 106 
5.53437 -11.3477 -0.609086 95 
4.94224 -10.1327 -0.227485 71 
2.87398 -5.81072 -2.15685 53 
3.1025 -6.28076 -2.21802 51 
3.20282 -6.49439 -2.17219 111 
0.719221 -1.45991 -0.462857 19 
0.707952 -1.43856 -0.430058 15 
0.71514 -1.45464 -0.410096 18 
0.715381 -1.45674 -0.385196 14 
0.720648 -1.46882 -0.363608 12 
0.73284 -1.49472 -0.344592 9 
4.50694 -9.19983 -1.96906 52 
4.49427 -9.17963 -1.81121 43 
3.69949 -7.56063 -1.37022 20 
3.70065 -7.56801 -1.2461 26 
4.57014 -9.35031 -1.39123 59 
3.69822 -7.57376 -1.00369 43 
3.70782 -7.58803 -0.88765 53 
3.71028 -7.60014 -0.765368 63 
3.7115 -7.606 -0.647793 63 
4.79056 -9.82082 -0.678841 106 
5.53437 -11.3477 -0.609086 95 
1.44119 -5.89545 -2.11798 106 
1.44119 -5.89545 -2.11798 106 
2.81383 -5.89481 -2.17327 101 
3.0063 -6.30625 -2.21199 42 
0.701397 -1.47375 -0.489605 24 
0.687204 -1.44549 -0.455197 21 
0.68614 -1.44481 -0.429022 16 
0.688112 -1.45047 -0.406172 18 
0.688306 -1.45251 -0.381501 13 
0.695057 -1.46815 -0.361005 13 
0.713574 -1.50835 -0.345403 12 
3.64614 -7.71348 -1.63988 68 
3.60693 -7.63535 -1.49643 56 
3.66605 -7.76506 -1.39786 56 
3.65878 -7.75493 -1.26834 53 
3.63926 -7.71704 -1.14055 47 
3.59042 -7.62107 -1.00321 81 
3.59303 -7.62107 -0.885559 63 
3.57834 -7.59714 -0.75996 15 
3.57266 -7.58852 -0.641993 14 
4.73118 -10.0529 -0.690251 99 
4.80554 -10.2128 -0.544515 99 
4.79696 -10.1844 -0.381511 95 
4.85291 -10.3064 -0.0654109 43 
2.81383 -5.89481 -2.17327 101 
3.0063 -6.30625 -2.21199 42 
3.14311 -6.60421 -2.19403 117 
0.687204 -1.44549 -0.455197 21 
0.68614 -1.44481 -0.429022 16 
0.688112 -1.45047 -0.406172 18 
0.688306 -1.45251 -0.381501 13 
0.695057 -1.46815 -0.361005 13 
0.713574 -1.50835 -0.345403 12 
3.64614 -7.71348 -1.63988 68 
3.60693 -7.63535 -1.49643 56 
3.66605 -7.76506 -1.39786 56 
4.33921 -9.19712 -1.50422 75 
3.63926 -7.71704 -1.14055 47 
3.59042 -7.62107 -1.00321 81 
3.59303 -7.62107 -0.885559 63 
3.57834 -7.59714 -0.75996 15 
3.57266 -7.58852 -0.641993 14 
5.21738 -11.086 -0.761185 104 
5.19678 -11.0442 -0.588847 103 
4.79696 -10.1844 -0.381511 95 
1.35536 -5.90027 -2.11271 99 
1.35536 -5.90027 -2.11271 99 
2.71855 -5.90594 -2.16316 98 
2.91478 -6.34068 -2.20957 40 
0.675957 -1.47296 -0.486157 24 
0.666955 -1.45494 -0.455197 20 
0.659467 -1.4402 -0.424877 14 
0.667793 -1.45994 -0.406172 15 
0.669576 -1.46552 -0.382425 14 
0.668006 -1.4635 -0.357534 12 
0.695695 -1.5253 -0.347024 10 
4.07727 -8.94677 -1.88979 73 
4.14968 -9.11156 -1.77421 96 
4.14115 -9.0983 -1.6273 88 
4.13337 -9.08752 -1.47671 98 
4.16945 -9.17109 -1.34671 96 
4.2819 -9.42804 -1.23309 99 
3.49944 -7.69947 -0.888904 96 
3.46204 -7.6246 -0.757797 16 
3.44329 -7.58682 -0.637719 22 
4.60025 -10.1398 -0.691739 99 
4.5849 -10.1078 -0.535456 112 
4.53033 -9.97735 -0.37135 88 
4.69044 -10.3395 -0.229099 98 
5.0392 -11.1016 -0.0700044 49 
2.71855 -5.90594 -2.16316 98 
2.91478 -6.34068 -2.20957 40 
0.675957 -1.47296 -0.486157 24 
0.666955 -1.45494 -0.455197 20 
0.659467 -1.4402 -0.424877 14 
0.667793 -1.45994 -0.406172 15 
0.669576 -1.46552 -0.382425 14 
0.668006 -1.4635 -0.357534 12 
0.695695 -1.5253 -0.347024 10 
4.07727 -8.94677 -1.88979 73 
4.14968 -9.11156 -1.77421 96 
4.14115 -9.0983 -1.6273 88 
4.13337 -9.08752 -1.47671 98 
4.16945 -9.17109 -1.34671 96 
4.2819 -9.42804 -1.23309 99 
4.35372 -9.57906 -1.1059 109 
3.46204 -7.6246 -0.757797 16 
3.44329 -7.58682 -0.637719 22 
4.60025 -10.1398 -0.691739 99 
4.5849 -10.1078 -0.535456 112 
1.28237 -5.96293 -2.12852 104 
1.28237 -5.96293 -2.12852 104 
2.6666 -6.01271 -2.18842 96 
2.83523 -6.40168 -2.21681 37 
0.64758 -1.46473 -0.48041 19 
0.638804 -1.44652 -0.449726 20 
0.642412 -1.45634 -0.426949 14 
0.645781 -1.46557 -0.405191 15 
0.647481 -1.47117 -0.381501 13 
0.647507 -1.47269 -0.357534 11 
0.666453 -1.51693 -0.34297 9 
3.9709 -9.04599 -1.89885 96 
3.99833 -9.11451 -1.76375 98 
4.03115 -9.19501 -1.63437 59 
3.99497 -9.11897 -1.47261 95 
4.04895 -9.24657 -1.34936 98 
4.11165 -9.39957 -1.22173 82 
4.21317 -9.62434 -1.10423 87 
3.3313 -7.61744 -0.752389 15 
3.38495 -7.74379 -0.646877 29 
4.49659 -10.2908 -0.697691 14 
4.40974 -10.094 -0.531408 55 
4.41301 -10.0909 -0.373247 79 
4.31986 -9.8873 -0.21772 27 
4.30368 -9.84419 -0.0616902 13 
2.6666 -6.01271 -2.18842 96 
2.83523 -6.40168 -2.21681 37 
0.64758 -1.46473 -0.48041 19 
0.638804 -1.44652 -0.449726 20 
0.642412 -1.45634 -0.426949 14 
0.645781 -1.46557 -0.405191 15 
0.647481 -1.47117 -0.381501 13 
0.647507 -1.47269 -0.357534 11 
0.666453 -1.51693 -0.34297 9 
3.9709 -9.04599 -1.89885 96 
3.99833 -9.11451 -1.76375 98 
4.03115 -9.19501 -1.63437 59 
3.99497 -9.11897 -1.47261 95 
4.04895 -9.24657 -1.34936 98 
4.11165 -9.39957 -1.22173 82 
4.21317 -9.62434 -1.10423 87 
3.3313 -7.61744 -0.752389 15 
4.39931 -10.0644 -0.840726 46 
4.49659 -10.2908 -0.697691 14 
4.40974 -10.094 -0.531408 55 
4.41301 -10.0909 -0.373247 79 
1.19528 -5.96174 -2.12193 103 
1.19528 -5.96174 -2.12193 103 
2.60772 -6.1087 -2.20989 43 
2.74707 -6.44415 -2.21802 45 
0.621065 -1.45953 -0.475813 18 
0.612526 -1.44113 -0.445349 19 
0.615977 -1.45094 -0.422804 14 
0.613144 -1.44588 -0.397342 17 
0.616252 -1.45498 -0.375035 13 
0.629925 -1.48878 -0.359269 10 
0.642158 -1.51887 -0.341349 12 
3.83963 -9.08969 -1.89658 98 
3.88906 -9.21299 -1.77212 101 
3.90238 -9.2504 -1.63437 101 
3.93182 -9.32701 -1.49719 88 
3.91022 -9.28028 -1.34618 99 
3.95998 -9.40847 -1.21559 96 
4.02279 -9.55025 -1.08918 99 
3.20453 -7.61548 -0.747703 22 
3.20846 -7.62853 -0.633445 40 
3.79081 -9.01668 -0.607659 96 
3.74664 -8.91334 -0.466452 106 
3.71195 -8.82134 -0.324339 98 
3.6932 -8.78535 -0.192301 63 
2.60772 -6.1087 -2.20989 43 
2.74707 -6.44415 -2.21802 45 
0.621065 -1.45953 -0.475813 18 
0.612526 -1.44113 -0.445349 19 
0.615977 -1.45094 -0.422804 14 
0.613144 -1.44588 -0.397342 17 
0.616252 -1.45498 -0.375035 13 
0.629925 -1.48878 -0.359269 10 
3.8743 -9.16374 -2.05944 111 
3.83963 -9.08969 -1.89658 98 
3.88906 -9.21299 -1.77212 101 
3.90238 -9.2504 -1.63437 101 
3.93182 -9.32701 -1.49719 88 
3.91022 -9.28028 -1.34618 99 
3.95998 -9.40847 -1.21559 96 
4.02279 -9.55025 -1.08918 99 
3.20453 -7.61548 -0.747703 22 
4.15786 -9.88585 -0.820883 59 
4.34938 -10.3453 -0.697195 103 
4.10582 -9.76784 -0.51117 111 
4.11354 -9.77569 -0.359428 103 
4.13954 -9.84711 -0.215541 87 
1.114 -5.98898 -2.12589 103 
1.114 -5.98898 -2.12589 103 
2.50632 -6.10589 -2.196 96 
2.64236 -6.4466 -2.20595 37 
0.600627 -1.46806 -0.475813 20 
0.590889 -1.44598 -0.444255 19 
0.589819 -1.44509 -0.418659 14 
0.591432 -1.45071 -0.396361 15 
0.597345 -1.46704 -0.375959 14 
0.601721 -1.47934 -0.35493 11 
0.61204 -1.50592 -0.336484 11 
3.71087 -9.13878 -1.89583 89 
3.69933 -9.11675 -1.7435 96 
3.75801 -9.2674 -1.62794 99 
3.76406 -9.28931 -1.48256 95 
3.79812 -9.37807 -1.35254 101 
3.89079 -9.61749 -1.23545 111 
3.90249 -9.63867 -1.09294 109 
3.07997 -7.61516 -0.743377 28 
3.08968 -7.64301 -0.631003 54 
3.94808 -9.77235 -0.508471 55 
3.96166 -9.79511 -0.358073 99 
2.50632 -6.10589 -2.196 96 
2.64236 -6.4466 -2.20595 37 
0.600627 -1.46806 -0.475813 20 
0.590889 -1.44598 -0.444255 19 
0.589819 -1.44509 -0.418659 14 
0.591432 -1.45071 -0.396361 15 
0.597345 -1.46704 -0.375959 14 
0.601721 -1.47934 -0.35493 11 
3.69289 -9.0863 -2.03026 107 
3.71087 -9.13878 -1.89583 89 
3.69933 -9.11675 -1.7435 96 
3.75801 -9.2674 -1.62794 99 
3.76406 -9.28931 -1.48256 95 
3.79812 -9.37807 -1.35254 101 
3.89079 -9.61749 -1.23545 111 
3.90249 -9.63867 -1.09294 109 
3.07997 -7.61516 -0.743377 28 
3.95515 -9.78394 -0.807757 87 
3.94808 -9.77235 -0.508471 55 
3.96166 -9.79511 -0.358073 99 
1.02771 -5.98907 -2.12061 104 
1.02771 -5.98907 -2.12061 104 
2.44728 -6.20738 -2.21999 33 
2.5479 -6.47222 -2.20233 42 
0.574466 -1.46203 -0.471216 17 
0.567831 -1.44693 -0.442066 18 
0.566765 -1.44599 -0.416587 17 
0.568292 -1.45161 -0.394399 18 
0.576803 -1.47524 -0.375959 12 
0.578166 -1.48032 -0.353195 10 
0.593802 -1.52161 -0.338106 13 
3.58576 -9.19702 -1.89734 101 
3.62458 -9.3033 -1.76933 99 
3.63254 -9.33 -1.62987 38 
3.6383 -9.35202 -1.48432 95 
3.6467 -9.37845 -1.34512 98 
3.67848 -9.47094 -1.20991 38 
3.79781 -9.77008 -1.10172 63 
2.96181 -7.62771 -0.740493 31 
2.96391 -7.63706 -0.627034 54 
3.75705 -9.68476 -0.645358 59 
3.73757 -9.63655 -0.498641 59 
3.81148 -9.81593 -0.356854 88 
3.80079 -9.79853 -0.212071 95 
4.31465 -11.1158 -0.0684656 32 
2.44728 -6.20738 -2.21999 33 
2.5479 -6.47222 -2.20233 42 
0.574466 -1.46203 -0.471216 17 
0.567831 -1.44693 -0.442066 18 
0.566765 -1.44599 -0.416587 17 
0.568292 -1.45161 -0.394399 18 
0.576803 -1.47524 -0.375959 12 
0.578166 -1.48032 -0.353195 10 
3.55569 -9.11144 -2.02458 112 
3.58576 -9.19702 -1.89734 101 
3.62458 -9.3033 -1.76933 99 
3.63254 -9.33 -1.62987 38 
3.6383 -9.35202 -1.48432 95 
3.6467 -9.37845 -1.34512 98 
3.67848 -9.47094 -1.20991 38 
3.79781 -9.77008 -1.10172 63 
2.96181 -7.62771 -0.740493 31 
3.75322 -9.67089 -0.794019 87 
3.75705 -9.68476 -0.645358 59 
3.73757 -9.63655 -0.498641 59 
3.81148 -9.81593 -0.356854 88 
0.943993 -6.00283 -2.12061 98 
0.943993 -6.00283 -2.12061 98 
2.36574 -6.25514 -2.22504 36 
2.47211 -6.5464 -2.21561 89 
0.549943 -1.45916 -0.467768 20 
0.543508 -1.44391 -0.438784 22 
0.545161 -1.45015 -0.41555 16 
0.549332 -1.46303 -0.39538 15 
0.546584 -1.45764 -0.369492 13 
0.550593 -1.46997 -0.348856 11 
0.573872 -1.53342 -0.338916 6 
3.46388 -9.26458 -1.90111 107 
3.48882 -9.33825 -1.76654 101 
3.5254 -9.44269 -1.6408 104 
3.49077 -9.35742 -1.47729 69 
3.45999 -9.27986 -1.32392 48 
3.48489 -9.3576 -1.1891 75 
3.51792 -9.43822 -1.05866 82 
2.83695 -7.61979 -0.735806 25 
2.85003 -7.65901 -0.625508 48 
3.6312 -9.76247 -0.647094 46 
3.73078 -10.0323 -0.516374 106 
3.74659 -10.063 -0.363899 88 
3.70683 -9.96684 -0.214573 106 
4.26088 -11.4486 -0.0701422 87 
1.39436 -8.97591 1.24139 67 
2.36574 -6.25514 -2.22504 36 
2.47211 -6.5464 -2.21561 89 
0.549943 -1.45916 -0.467768 20 
0.543508 -1.44391 -0.438784 22 
0.545161 -1.45015 -0.41555 16 
0.549332 -1.46303 -0.39538 15 
0.546584 -1.45764 -0.369492 13 
0.550593 -1.46997 -0.348856 11 
3.42127 -9.14185 -2.02053 82 
3.46388 -9.26458 -1.90111 107 
3.48882 -9.33825 -1.76654 101 
3.5254 -9.44269 -1.6408 104 
3.49077 -9.35742 -1.47729 69 
3.45999 -9.27986 -1.32392 48 
3.48489 -9.3576 -1.1891 75 
3.51792 -9.43822 -1.05866 82 
2.83695 -7.61979 -0.735806 25 
3.43979 -9.24389 -0.754944 63 
3.6312 -9.76247 -0.647094 46 
3.73078 -10.0323 -0.516374 106 
3.74659 -10.063 -0.363899 88 
0.861693 -6.02664 -2.12457 101 
1.33631 -9.01679 1.24572 96 
0.861693 -6.02664 -2.12457 101 
2.27947 -6.29113 -2.2263 89 
2.38565 -6.59462 -2.22044 40 
0.525614 -1.45588 -0.46432 25 
0.524599 -1.45498 -0.439878 19 
0.522243 -1.45035 -0.413478 17 
0.524915 -1.45961 -0.392437 18 
0.530126 -1.47612 -0.372264 13 
0.532652 -1.48486 -0.350591 11 
0.54712 -1.52654 -0.335673 12 
3.32359 -9.28246 -1.89507 98 
3.34351 -9.34526 -1.75886 99 
3.36796 -9.42035 -1.62858 82 
3.36644 -9.42388 -1.48022 88 
3.32609 -9.31606 -1.32233 95 
3.44862 -9.67097 -1.22268 82 
3.43928 -9.63628 -1.07538 59 
2.71825 -7.62489 -0.732561 28 
2.72006 -7.63419 -0.620318 54 
3.7056 -10.4071 -0.53295 63 
3.72386 -10.4457 -0.375821 96 
3.79672 -10.6619 -0.228372 71 
4.0214 -11.2847 -0.0687871 20 
1.26779 -8.98665 1.2403 103 
2.27947 -6.29113 -2.2263 89 
2.38565 -6.59462 -2.22044 40 
0.525614 -1.45588 -0.46432 25 
0.524599 -1.45498 -0.439878 19 
0.522243 -1.45035 -0.413478 17 
0.524915 -1.45961 -0.392437 18 
0.530126 -1.47612 -0.372264 13 
0.532652 -1.48486 -0.350591 11 
3.29461 -9.19242 -2.02134 111 
3.32359 -9.28246 -1.89507 98 
3.34351 -9.34526 -1.75886 99 
3.36796 -9.42035 -1.62858 82 
3.36644 -9.42388 -1.48022 88 
3.32609 -9.31606 -1.32233 95 
3.44862 -9.67097 -1.22268 82 
3.43928 -9.63628 -1.07538 59 
2.71825 -7.62489 -0.732561 28 
3.68119 -10.3317 -0.839505 95 
3.7056 -10.4071 -0.53295 63 
3.72386 -10.4457 -0.375821 96 
0.776499 -6.03059 -2.12193 82 
0.776499 -6.03059 -2.12193 82 
2.17525 -6.27572 -2.20989 101 
0.49633 -1.43429 -0.480551 9 
0.505235 -1.46308 -0.46432 26 
0.499216 -1.44761 -0.435501 22 
0.500684 -1.45385 -0.412441 15 
0.49944 -1.45213 -0.388512 16 
0.504407 -1.46865 -0.368569 12 
0.506801 -1.47738 -0.34712 12 
0.524483 -1.53032 -0.334862 10 
3.17967 -9.28708 -1.88677 95 
3.19485 -9.33885 -1.74909 101 
3.21312 -9.39922 -1.61702 98 
3.26011 -9.54485 -1.49192 82 
3.26102 -9.55295 -1.34936 103 
3.30685 -9.69938 -1.22032 95 
3.35194 -9.82266 -1.09085 75 
2.5961 -7.61685 -0.728235 19 
2.60678 -7.65255 -0.618792 45 
3.5425 -10.4043 -0.68281 43 
3.29728 -9.68627 -0.49363 103 
3.56347 -10.4551 -0.374331 59 
3.70162 -10.8728 -0.231762 101 
3.8699 -11.3587 -0.068902 35 
1.15197 -9.09958 1.38373 109 
2.17525 -6.27572 -2.20989 101 
2.30083 -6.64891 -2.22768 51 
0.505235 -1.46308 -0.46432 26 
0.499216 -1.44761 -0.435501 22 
0.500684 -1.45385 -0.412441 15 
0.49944 -1.45213 -0.388512 16 
0.504407 -1.46865 -0.368569 12 
0.506801 -1.47738 -0.34712 12 
3.15579 -9.20788 -2.01485 104 
3.17967 -9.28708 -1.88677 95 
3.19485 -9.33885 -1.74909 101 
3.21312 -9.39922 -1.61702 98 
3.26011 -9.54485 -1.49192 82 
3.26102 -9.55295 -1.34936 103 
3.30685 -9.69938 -1.22032 95 
3.35194 -9.82266 -1.09085 75 
2.5961 -7.61685 -0.728235 19 
3.48899 -10.2424 -0.82821 71 
3.5425 -10.4043 -0.68281 43 
3.55478 -10.4427 -0.532179 106 
3.56347 -10.4551 -0.374331 59 
0.692223 -6.04085 -2.12193 95 
1.09439 -9.13715 1.25763 111 
1.09357 -9.15061 1.39029 63 
0.692223 -6.04085 -2.12193 95 
2.06594 -6.24063 -2.18716 90 
0.477559 -1.44816 -0.457424 22 
0.478956 -1.45444 -0.435501 20 
0.475509 -1.44602 -0.408296 15 
0.475486 -1.44791 -0.385569 17 
0.477789 -1.45706 -0.36395 15 
0.490985 -1.49916 -0.350591 11 
0.500629 -1.53005 -0.333241 10 
3.03993 -9.3007 -1.88073 88 
3.03847 -9.30393 -1.73443 96 
3.06687 -9.39812 -1.6093 101 
3.06029 -9.38629 -1.46032 95 
3.1396 -9.63525 -1.35466 95 
3.15758 -9.70306 -1.21511 88 
3.19722 -9.81555 -1.085 82 
2.4821 -7.62962 -0.726072 38 
2.48734 -7.65027 -0.615739 41 
3.3463 -10.297 -0.672641 99 
3.39876 -10.4609 -0.530637 98 
3.4023 -10.4582 -0.372705 59 
3.49754 -10.7637 -0.228372 71 
1.03102 -9.14851 1.25818 122 
1.02348 -9.10299 1.38194 96 
2.06594 -6.24063 -2.18716 90 
2.1982 -6.65142 -2.21802 40 
0.477559 -1.44816 -0.457424 22 
0.478956 -1.45444 -0.435501 20 
0.475509 -1.44602 -0.408296 15 
0.475486 -1.44791 -0.385569 17 
0.477789 -1.45706 -0.36395 15 
0.490985 -1.49916 -0.350591 11 
3.01717 -9.22126 -2.00836 103 
3.03993 -9.3007 -1.88073 88 
3.03847 -9.30393 -1.73443 96 
3.06687 -9.39812 -1.6093 101 
3.06029 -9.38629 -1.46032 95 
3.1396 -9.63525 -1.35466 95 
3.15758 -9.70306 -1.21511 88 
3.19722 -9.81555 -1.085 82 
2.4821 -7.62962 -0.726072 38 
3.36414 -10.347 -0.832789 63 
3.3463 -10.297 -0.672641 99 
3.39876 -10.4609 -0.530637 98 
3.4023 -10.4582 -0.372705 59 
1.03102 -9.14851 1.25818 122 
0.607057 -6.04241 -2.1193 98 
0.964213 -9.1279 1.25438 69 
0.607057 -6.04241 -2.1193 98 
0.964213 -9.1279 1.25438 69 
1.97175 -6.24715 -2.17958 50 
0.452651 -1.43668 -0.476929 11 
0.46074 -1.46565 -0.460872 22 
0.455145 -1.44998 -0.432218 23 
0.452962 -1.44514 -0.406224 18 
0.455224 -1.4544 -0.385569 20 
0.456238 -1.45988 -0.363026 13 
0.465352 -1.49096 -0.34712 13 
0.474553 -1.52193 -0.329998 11 
2.88875 -9.27473 -1.86713 75 
2.88838 -9.28151 -1.72257 96 
2.89902 -9.32316 -1.58938 103 
2.89372 -9.31474 -1.44276 95 
2.89426 -9.32222 -1.30484 95 
2.94416 -9.49581 -1.18389 95 
3.08462 -9.93902 -1.09378 82 
2.36708 -7.6369 -0.723548 27 
2.34252 -7.56234 -0.60597 25 
3.20929 -10.3656 -0.674129 107 
3.23347 -10.4463 -0.527553 52 
3.25358 -10.497 -0.372434 82 
3.27478 -10.5785 -0.22345 63 
0.871899 -8.86841 1.34434 96 
1.97175 -6.24715 -2.17958 50 
2.08563 -6.61963 -2.1975 63 
0.46074 -1.46565 -0.460872 22 
0.455145 -1.44998 -0.432218 23 
0.452962 -1.44514 -0.406224 18 
0.455224 -1.4544 -0.385569 20 
0.456238 -1.45988 -0.363026 13 
0.465352 -1.49096 -0.34712 13 
2.87647 -9.22509 -2.00026 106 
2.88875 -9.27473 -1.86713 75 
2.88838 -9.28151 -1.72257 96 
2.89902 -9.32316 -1.58938 103 
2.89372 -9.31474 -1.44276 95 
2.89426 -9.32222 -1.30484 95 
2.94416 -9.49581 -1.18389 95 
3.08462 -9.93902 -1.09378 82 
2.36708 -7.6369 -0.723548 27 
3.22053 -10.3968 -0.833094 45 
3.20929 -10.3656 -0.674129 107 
3.23347 -10.4463 -0.527553 52 
3.25358 -10.497 -0.372434 82 
0.521333 -6.03524 -2.11402 104 
0.828726 -9.05364 1.24247 104 
0.812122 -8.89791 1.34792 111 
0.521333 -6.03524 -2.11402 104 
1.88106 -6.26316 -2.17579 73 
0.432548 -1.44286 -0.476929 20 
0.438035 -1.4646 -0.458573 22 
0.429352 -1.43776 -0.426747 22 
0.433844 -1.45503 -0.40726 20 
0.431553 -1.44947 -0.382626 18 
0.438028 -1.47357 -0.364874 14 
0.440045 -1.48234 -0.343649 11 
0.456599 -1.53968 -0.33243 13 
2.75563 -9.30286 -1.86487 98 
2.75962 -9.32471 -1.72326 99 
2.782 -9.40816 -1.59709 88 
2.81384 -9.525 -1.4691 82 
2.78403 -9.43016 -1.31438 95 
2.8214 -9.57028 -1.18815 82 
2.88137 -9.76364 -1.06995 88 
2.25459 -7.6501 -0.721746 31 
2.26826 -7.70143 -0.614518 30 
3.09131 -10.5013 -0.680081 59 
3.08504 -10.4828 -0.527168 82 
3.0954 -10.5031 -0.371079 101 
3.16289 -10.7459 -0.226032 98 
0.756157 -8.94863 1.2273 117 
0.747328 -8.87184 1.34315 104 
1.88106 -6.26316 -2.17579 73 
1.9733 -6.58236 -2.17576 106 
0.438035 -1.4646 -0.458573 22 
0.429352 -1.43776 -0.426747 22 
0.433844 -1.45503 -0.40726 20 
0.431553 -1.44947 -0.382626 18 
0.438028 -1.47357 -0.364874 14 
0.440045 -1.48234 -0.343649 11 
2.74071 -9.24182 -1.99539 114 
2.75563 -9.30286 -1.86487 98 
2.75962 -9.32471 -1.72326 99 
2.782 -9.40816 -1.59709 88 
2.81384 -9.525 -1.4691 82 
2.78403 -9.43016 -1.31438 95 
2.8214 -9.57028 -1.18815 82 
2.88137 -9.76364 -1.06995 88 
2.25459 -7.6501 -0.721746 31 
3.06829 -10.4178 -0.831263 48 
3.09131 -10.5013 -0.680081 59 
3.08504 -10.4828 -0.527168 82 
3.0954 -10.5031 -0.371079 101 
0.436744 -6.03817 -2.11271 101 
0.673768 -8.69686 1.1921 114 
0.679284 -8.79797 1.33122 106 
0.679843 -8.82119 1.46609 103 
0.674829 -8.7882 1.58812 111 
0.436744 -6.03817 -2.11271 101 
0.673768 -8.69686 1.1921 114 
0.679284 -8.79797 1.33122 106 
1.78615 -6.26327 -2.16695 101 
0.41758 -1.4671 -0.482966 12 
0.414404 -1.45952 -0.455125 17 
0.414482 -1.46212 -0.432218 22 
0.409278 -1.44607 -0.403115 22 
0.414437 -1.46655 -0.385569 19 
0.415298 -1.47205 -0.363026 12 
0.421423 -1.49585 -0.345385 10 
0.432935 -1.53836 -0.330808 12 
2.59358 -9.22698 -1.84222 101 
2.63661 -9.38888 -1.72815 88 
2.63757 -9.40047 -1.58938 98 
2.63679 -9.40715 -1.4451 95 
2.65637 -9.48339 -1.3165 88 
2.67574 -9.56667 -1.18295 75 
2.70616 -9.66501 -1.05489 95 
2.13254 -7.62712 -0.716699 25 
2.13046 -7.6248 -0.60597 40 
2.89928 -10.382 -0.669665 26 
3.03615 -10.875 -0.544708 99 
3.06902 -10.9765 -0.386253 75 
3.04697 -10.9123 -0.228614 38 
0.610251 -8.66182 1.18668 89 
0.607599 -8.65651 1.30914 99 
0.61907 -8.83753 1.46806 109 
1.78615 -6.26327 -2.16695 101 
1.91252 -6.7193 -2.21199 68 
0.414404 -1.45952 -0.455125 17 
0.414482 -1.46212 -0.432218 22 
0.409278 -1.44607 -0.403115 22 
0.414437 -1.46655 -0.385569 19 
0.415298 -1.47205 -0.363026 12 
0.421423 -1.49585 -0.345385 10 
2.58169 -9.17361 -1.97269 109 
2.59358 -9.22698 -1.84222 101 
2.63661 -9.38888 -1.72815 88 
2.63757 -9.40047 -1.58938 98 
2.63679 -9.40715 -1.4451 95 
2.65637 -9.48339 -1.3165 88 
2.67574 -9.56667 -1.18295 75 
2.70616 -9.66501 -1.05489 95 
2.13254 -7.62712 -0.716699 25 
2.13046 -7.6248 -0.60597 40 
2.89928 -10.382 -0.669665 26 
3.03615 -10.875 -0.544708 99 
3.06902 -10.9765 -0.386253 75 
0.610251 -8.66182 1.18668 89 
0.607599 -8.65651 1.30914 99 
0.351516 -6.0286 -2.10743 104 
0.55102 -8.68564 1.18939 73 
0.543161 -8.59738 1.29959 56 
0.554627 -8.79832 1.46086 82 
0.351516 -6.0286 -2.10743 104 
1.70545 -6.31324 -2.17579 95 
0.394078 -1.46174 -0.479344 10 
0.391001 -1.45406 -0.451677 19 
0.391035 -1.45662 -0.428936 23 
0.389048 -1.45165 -0.403115 22 
0.391916 -1.4647 -0.383607 21 
0.391691 -1.46642 -0.360255 13 
0.39949 -1.49782 -0.344517 12 
0.409397 -1.53669 -0.329187 10 
2.45036 -9.20915 -1.83165 82 
2.48402 -9.34484 -1.71349 96 
2.47971 -9.33717 -1.57267 88 
2.49199 -9.39333 -1.43749 96 
2.51354 -9.48123 -1.3112 98 
2.53377 -9.57237 -1.17916 99 
2.56891 -9.69416 -1.05406 96 
2.02075 -7.63689 -0.714896 40 
2.02481 -7.65766 -0.606275 40 
2.78567 -10.5411 -0.677353 71 
2.76053 -10.4489 -0.521385 101 
2.81934 -10.655 -0.373518 79 
2.81666 -10.6599 -0.222481 52 
2.81757 -10.6535 -0.063275 46 
2.80405 -10.6114 0.0877309 27 
0.489254 -8.66949 1.18668 107 
0.530375 -9.44211 1.42669 96 
0.530279 -9.46389 1.57072 63 
0.523285 -9.38605 1.69381 104 
1.70545 -6.31324 -2.17579 95 
1.81355 -6.72694 -2.20595 54 
0.391001 -1.45406 -0.451677 19 
0.391035 -1.45662 -0.428936 23 
0.389048 -1.45165 -0.403115 22 
0.391916 -1.4647 -0.383607 21 
0.391691 -1.46642 -0.360255 13 
0.39949 -1.49782 -0.344517 12 
2.46041 -9.23526 -1.97836 104 
2.45036 -9.20915 -1.83165 82 
2.48402 -9.34484 -1.71349 96 
2.47971 -9.33717 -1.57267 88 
2.49199 -9.39333 -1.43749 96 
2.51354 -9.48123 -1.3112 98 
2.53377 -9.57237 -1.17916 99 
2.56891 -9.69416 -1.05406 96 
2.02075 -7.63689 -0.714896 40 
2.69567 -10.1948 -0.807146 59 
2.78567 -10.5411 -0.677353 71 
2.76053 -10.4489 -0.521385 101 
2.81934 -10.655 -0.373518 79 
2.81666 -10.6599 -0.222481 52 
0.266474 -6.01405 -2.10084 106 
0.458068 -9.26645 1.26792 120 
0.452596 -9.2046 1.39029 82 
0.462843 -9.43978 1.56614 79 
0.458513 -9.4052 1.69665 115 
0.266474 -6.01405 -2.10084 106 
1.60212 -6.2776 -2.15559 95 
0.374571 -1.47079 -0.480551 19 
0.369718 -1.45566 -0.450528 21 
0.369713 -1.4582 -0.427842 22 
0.368742 -1.45694 -0.403115 20 
0.368578 -1.45875 -0.380664 22 
0.374986 -1.48684 -0.36395 13 
0.373771 -1.48432 -0.340178 12 
0.380258 -1.51186 -0.3227 7 
2.25551 -8.97959 -1.77955 89 
2.30825 -9.19906 -1.68069 95 
2.3203 -9.25599 -1.55339 63 
2.34714 -9.37347 -1.4293 63 
2.36648 -9.45771 -1.30325 82 
2.40084 -9.61067 -1.17964 75 
2.39759 -9.58629 -1.03859 96 
1.90716 -7.63731 -0.712373 28 
1.90321 -7.62714 -0.601696 48 
2.4595 -9.86235 -0.631469 82 
2.57088 -10.312 -0.512712 95 
2.65965 -10.6506 -0.372028 59 
2.69561 -10.8107 -0.224822 84 
2.66855 -10.6918 -0.063275 30 
0.380427 -8.96453 1.22622 79 
0.376658 -8.93091 1.34852 101 
0.390633 -9.29295 1.5413 84 
0.393498 -9.4239 1.69948 109 
1.60212 -6.2776 -2.15559 95 
1.68275 -6.60748 -2.15886 103 
0.369718 -1.45566 -0.450528 21 
0.369713 -1.4582 -0.427842 22 
0.368742 -1.45694 -0.403115 20 
0.368578 -1.45875 -0.380664 22 
0.374986 -1.48684 -0.36395 13 
0.373771 -1.48432 -0.340178 12 
2.32072 -9.22693 -1.96944 96 
2.25551 -8.97959 -1.77955 89 
2.30825 -9.19906 -1.68069 95 
2.3203 -9.25599 -1.55339 63 
2.34714 -9.37347 -1.4293 63 
2.36648 -9.45771 -1.30325 82 
2.40084 -9.61067 -1.17964 75 
2.39759 -9.58629 -1.03859 96 
1.90716 -7.63731 -0.712373 28 
2.5492 -10.216 -0.805925 79 
2.64401 -10.6022 -0.678841 95 
2.57088 -10.312 -0.512712 95 
2.65965 -10.6506 -0.372028 59 
0.390633 -9.29295 1.5413 84 
0.182478 -6.01719 -2.10084 107 
0.318817 -8.99469 1.23001 54 
0.3143 -8.93332 1.34852 69 
0.311926 -8.90108 1.4759 87 
0.325099 -9.35167 1.68601 55 
0.182478 -6.01719 -2.10084 107 
1.51166 -6.28828 -2.1518 95 
0.353999 -1.47588 -0.480551 23 
0.349358 -1.46068 -0.450528 25 
0.344851 -1.44451 -0.42237 21 
0.344782 -1.44691 -0.39897 22 
0.348174 -1.46375 -0.380664 21 
0.347897 -1.46543 -0.357484 13 
0.354811 -1.49699 -0.341913 13 
0.36994 -1.56277 -0.33243 10 
2.21847 -9.38484 -1.85354 88 
2.21308 -9.37222 -1.70651 82 
2.18631 -9.26828 -1.55018 88 
2.20969 -9.37836 -1.4252 89 
2.22057 -9.43194 -1.2953 69 
2.2546 -9.59299 -1.17349 69 
2.24438 -9.53751 -1.02981 56 
1.79579 -7.6438 -0.71057 40 
1.7938 -7.64132 -0.60078 51 
2.37354 -10.1173 -0.645606 101 
2.37647 -10.1329 -0.50211 99 
2.3205 -9.87725 -0.343848 56 
2.48974 -10.6034 -0.06254 43 
0.250478 -8.8839 1.34076 45 
0.249999 -8.91093 1.47721 103 
1.51166 -6.28828 -2.1518 95 
1.59211 -6.63775 -2.16127 107 
0.349358 -1.46068 -0.450528 25 
0.344851 -1.44451 -0.42237 21 
0.344782 -1.44691 -0.39897 22 
0.348174 -1.46375 -0.380664 21 
0.347897 -1.46543 -0.357484 13 
0.354811 -1.49699 -0.341913 13 
2.19888 -9.28892 -1.97593 103 
2.21847 -9.38484 -1.85354 88 
2.21308 -9.37222 -1.70651 82 
2.18631 -9.26828 -1.55018 88 
2.20969 -9.37836 -1.4252 89 
2.22057 -9.43194 -1.2953 69 
2.2546 -9.59299 -1.17349 69 
2.24438 -9.53751 -1.02981 56 
1.79579 -7.6438 -0.71057 40 
2.29329 -9.76908 -0.768071 82 
2.37354 -10.1173 -0.645606 101 
2.37647 -10.1329 -0.50211 99 
2.48051 -10.5583 -0.367557 59 
0.0983241 -6.0116 -2.09821 104 
0.188181 -8.76449 1.19806 37 
0.186287 -8.84144 1.46544 47 
0.0983241 -6.0116 -2.09821 104 
1.42204 -6.30137 -2.14927 79 
0.330008 -1.4658 -0.475722 20 
0.326412 -1.4542 -0.44708 22 
0.324649 -1.44919 -0.42237 23 
0.327918 -1.46666 -0.403115 21 
0.327703 -1.46847 -0.380664 22 
0.326556 -1.46634 -0.35656 14 
0.333028 -1.49799 -0.341046 12 
0.360819 -1.62514 -0.344592 10 
2.06002 -9.29218 -1.82938 96 
2.07945 -9.39067 -1.70442 96 
2.03452 -9.19767 -1.53347 88 
2.09475 -9.48171 -1.43632 82 
2.08183 -9.43105 -1.29106 75 
2.09566 -9.51105 -1.15977 82 
2.10928 -9.56015 -1.02897 56 
1.68032 -7.62922 -0.706965 37 
1.67922 -7.63056 -0.598033 31 
2.18317 -9.92718 -0.631469 82 
2.20474 -10.0286 -0.495364 55 
2.26922 -10.303 -0.357531 56 
2.21677 -10.0707 -0.0592097 53 
1.42204 -6.30137 -2.14927 79 
1.49174 -6.62585 -2.15041 104 
0.326412 -1.4542 -0.44708 22 
0.324649 -1.44919 -0.42237 23 
0.327918 -1.46666 -0.403115 21 
0.327703 -1.46847 -0.380664 22 
0.326556 -1.46634 -0.35656 14 
0.333028 -1.49799 -0.341046 12 
2.07492 -9.34549 -1.98161 103 
2.06002 -9.29218 -1.82938 96 
2.07945 -9.39067 -1.70442 96 
2.03452 -9.19767 -1.53347 88 
2.09475 -9.48171 -1.43632 82 
2.08183 -9.43105 -1.29106 75 
2.09566 -9.51105 -1.15977 82 
2.10928 -9.56015 -1.02897 56 
1.68032 -7.62922 -0.706965 37 
2.19182 -9.95985 -0.780587 49 
2.18317 -9.92718 -0.631469 82 
2.20474 -10.0286 -0.495364 55 
2.26922 -10.303 -0.357531 56 
0.0144337 -6.03504 -2.10612 104 
0.0144337 -6.03504 -2.10612 104 
1.33079 -6.30576 -2.14422 89 
0.308725 -1.46653 -0.474514 21 
0.304503 -1.45112 -0.444782 23 
0.303595 -1.44981 -0.421276 23 
0.305038 -1.45975 -0.400006 22 
0.30321 -1.45392 -0.375758 29 
0.307637 -1.47838 -0.358408 13 
0.311286 -1.49867 -0.340178 11 
0.307864 -1.48427 -0.313781 5 
1.94282 -9.38158 -1.84146 79 
1.95132 -9.43422 -1.70721 75 
1.92827 -9.33344 -1.55146 63 
1.97255 -9.56041 -1.44393 69 
1.98117 -9.61064 -1.31173 75 
2.01149 -9.7767 -1.18862 52 
1.97238 -9.57308 -1.0273 59 
1.56722 -7.62073 -0.704081 31 
1.57171 -7.64936 -0.597728 28 
2.09735 -10.2148 -0.647838 53 
2.11913 -10.3245 -0.508471 52 
2.13561 -10.3846 -0.359292 69 
2.1368 -10.4088 -0.214412 79 
2.0687 -10.0654 -0.059003 36 
2.08908 -10.1754 0.0830311 43 
1.85968 -9.04042 0.20558 44 
2.02394 -9.8372 0.645947 73 
2.02853 -9.85428 0.791631 20 
0.00513174 -9.8009 1.33942 52 
1.33079 -6.30576 -2.14422 89 
1.40458 -6.67215 -2.15886 106 
0.304503 -1.45112 -0.444782 23 
0.303595 -1.44981 -0.421276 23 
0.305038 -1.45975 -0.400006 22 
0.30321 -1.45392 -0.375758 29 
0.307637 -1.47838 -0.358408 13 
0.311286 -1.49867 -0.340178 11 
1.94026 -9.35437 -1.97755 75 
1.94282 -9.38158 -1.84146 79 
1.95132 -9.43422 -1.70721 75 
1.92827 -9.33344 -1.55146 63 
1.97255 -9.56041 -1.44393 69 
1.98117 -9.61064 -1.31173 75 
2.01149 -9.7767 -1.18862 52 
1.97238 -9.57308 -1.0273 59 
1.56722 -7.62073 -0.704081 31 
2.06217 -10.0364 -0.78425 46 
2.09735 -10.2148 -0.647838 53 
2.11913 -10.3245 -0.508471 52 
2.13561 -10.3846 -0.359292 69 
2.1368 -10.4088 -0.214412 79 
1.85968 -9.04042 0.20558 44 
2.02394 -9.8372 0.645947 73 
0.00513174 -9.8009 1.33942 52 
-0.06983 -6.03466 -2.10612 59 
-0.0631374 -9.77692 1.33617 50 
-0.0601175 -8.94656 1.34971 20 
-0.06983 -6.03466 -2.10612 59 
-0.0631374 -9.77692 1.33617 50 
-0.0601175 -8.94656 1.34971 20 
1.23456 -6.28276 -2.13033 95 
0.286752 -1.46321 -0.472099 21 
0.282009 -1.44395 -0.441334 20 
0.284058 -1.45769 -0.42237 25 
0.283152 -1.45629 -0.397933 26 
0.284357 -1.46563 -0.37772 24 
0.286226 -1.47871 -0.357484 15 
0.290331 -1.50287 -0.340178 11 
0.285626 -1.48073 -0.31216 9 
1.75668 -9.12235 -1.78559 52 
1.78371 -9.27489 -1.67371 52 
1.81192 -9.43312 -1.56367 52 
1.82024 -9.48987 -1.4293 99 
1.84604 -9.63347 -1.3112 95 
1.86807 -9.76872 -1.18437 95 
1.89316 -9.88491 -1.05782 69 
1.45992 -7.63795 -0.70372 40 
1.46102 -7.65097 -0.596201 34 
1.97248 -10.3372 -0.653791 46 
2.01744 -10.5768 -0.519458 63 
1.99266 -10.4252 -0.359699 48 
2.004 -10.5044 -0.215784 45 
1.76015 -9.22529 0.07507 36 
1.73327 -9.0655 0.20558 44 
1.74009 -9.11152 0.468288 95 
1.72894 -9.04115 0.592033 109 
1.88775 -9.86598 0.790376 87 
1.88239 -9.83057 0.926933 109 
-0.120153 -8.94009 1.22189 59 
-0.122628 -8.94988 1.35031 103 
1.23456 -6.28276 -2.13033 95 
1.29588 -6.61252 -2.1335 106 
0.282009 -1.44395 -0.441334 20 
0.284058 -1.45769 -0.42237 25 
0.283152 -1.45629 -0.397933 26 
0.284357 -1.46563 -0.37772 24 
0.286226 -1.47871 -0.357484 15 
0.290331 -1.50287 -0.340178 11 
1.79388 -9.29978 -1.96053 101 
1.75668 -9.12235 -1.78559 52 
1.78371 -9.27489 -1.67371 52 
1.81192 -9.43312 -1.56367 52 
1.82024 -9.48987 -1.4293 99 
1.84604 -9.63347 -1.3112 95 
1.86807 -9.76872 -1.18437 95 
1.89316 -9.88491 -1.05782 69 
1.45992 -7.63795 -0.70372 40 
1.97346 -10.3345 -0.805314 53 
1.97248 -10.3372 -0.653791 46 
2.01744 -10.5768 -0.519458 63 
1.99266 -10.4252 -0.359699 48 
2.004 -10.5044 -0.215784 45 
1.88414 -9.85274 0.645177 114 
1.88775 -9.86598 0.790376 87 
1.88239 -9.83057 0.926933 109 
-0.120153 -8.94009 1.22189 59 
-0.122628 -8.94988 1.35031 103 
-0.153405 -6.00666 -2.09689 104 
-0.183373 -8.97865 1.2273 57 
-0.185352 -8.96067 1.3521 69 
-0.183953 -8.8336 1.46413 16 
-0.153405 -6.00666 -2.09689 104 
-0.183373 -8.97865 1.2273 57 
-0.185352 -8.96067 1.3521 69 
-0.183953 -8.8336 1.46413 16 
1.14876 -6.31058 -2.13412 73 
0.268337 -1.47833 -0.475722 15 
0.265912 -1.47037 -0.448229 20 
0.262995 -1.45772 -0.421276 22 
0.263476 -1.4639 -0.39897 23 
0.26181 -1.45801 -0.374777 25 
0.26418 -1.4749 -0.355636 12 
0.26932 -1.50677 -0.340178 13 
0.272493 -1.52699 -0.321079 9 
1.56577 -8.79021 -1.71613 95 
1.66162 -9.34155 -1.68139 75 
1.67934 -9.45361 -1.56303 59 
1.71728 -9.68189 -1.45447 52 
1.58961 -8.97121 -1.21792 117 
1.6015 -9.05853 -1.09545 95 
1.74525 -9.85554 -1.05197 99 
1.34966 -7.63798 -0.701918 34 
1.34781 -7.63527 -0.593454 34 
1.55682 -8.82648 -0.556814 38 
1.86679 -10.5882 -0.518687 45 
1.87404 -10.6055 -0.364983 45 
1.75296 -9.94057 -0.203679 27 
1.73886 -9.84749 -0.0574183 36 
1.60477 -9.09928 0.0738551 29 
1.62671 -9.20302 0.208163 38 
1.61601 -9.15644 0.335577 99 
1.61409 -9.14279 0.468692 54 
1.5942 -9.01724 0.588952 103 
1.58657 -8.9686 0.716641 63 
1.5783 -8.91462 0.838408 101 
1.57181 -8.86624 0.964525 51 
-0.245616 -8.96131 1.22514 98 
-0.247358 -8.93939 1.34912 96 
-0.247373 -8.89521 1.4746 11 
1.14876 -6.31058 -2.13412 73 
1.2116 -6.675 -2.14799 96 
0.265912 -1.47037 -0.448229 20 
0.262995 -1.45772 -0.421276 22 
0.263476 -1.4639 -0.39897 23 
0.26181 -1.45801 -0.374777 25 
0.26418 -1.4749 -0.355636 12 
0.26932 -1.50677 -0.340178 13 
1.64322 -9.20824 -1.9362 101 
1.56577 -8.79021 -1.71613 95 
1.66162 -9.34155 -1.68139 75 
1.67934 -9.45361 -1.56303 59 
1.71728 -9.68189 -1.45447 52 
1.58961 -8.97121 -1.21792 117 
1.6015 -9.05853 -1.09545 95 
1.74525 -9.85554 -1.05197 99 
1.34966 -7.63798 -0.701918 34 
1.85532 -10.5103 -0.816915 55 
1.87095 -10.6075 -0.669168 53 
1.86679 -10.5882 -0.518687 45 
1.87404 -10.6055 -0.364983 45 
1.86339 -10.5668 -0.21651 31 
1.62671 -9.20302 0.208163 38 
1.61601 -9.15644 0.335577 99 
1.75022 -9.91387 0.50822 63 
1.80469 -10.2016 0.815163 87 
1.5783 -8.91462 0.838408 101 
1.57181 -8.86624 0.964525 51 
-0.245616 -8.96131 1.22514 98 
-0.247358 -8.93939 1.34912 96 
-0.247373 -8.89521 1.4746 11 
-0.235914 -5.96997 -2.08503 96 
-0.306264 -8.90392 1.21755 45 
-0.306883 -8.85443 1.33659 17 
-0.235914 -5.96997 -2.08503 96 
-0.354901 -10.3179 1.41091 56 
-0.306883 -8.85443 1.33659 17 
1.06117 -6.32975 -2.13538 84 
0.247042 -1.47817 -0.474514 24 
0.24284 -1.45882 -0.443632 20 
0.242616 -1.46125 -0.421276 23 
0.239855 -1.44838 -0.393788 27 
0.240796 -1.45769 -0.373796 30 
0.243561 -1.47845 -0.355636 12 
0.245722 -1.49498 -0.336707 13 
0.251147 -1.53065 -0.321079 10 
1.50954 -9.21824 -1.79541 82 
1.47129 -8.99845 -1.61578 99 
1.55228 -9.50731 -1.56817 98 
1.5692 -9.62682 -1.44276 96 
1.47376 -9.05123 -1.22587 36 
1.51498 -9.327 -1.12524 99 
1.60555 -9.86716 -1.05071 95 
1.24098 -7.64428 -0.700836 34 
1.24171 -7.65728 -0.593759 37 
1.39576 -8.61484 -0.54218 57 
1.7175 -10.6053 -0.518301 59 
1.72194 -10.607 -0.36417 45 
1.71951 -10.6154 -0.216994 41 
1.47374 -9.08509 -0.0528478 44 
1.42896 -8.82072 0.0714253 73 
1.45255 -8.94458 0.201839 89 
1.61211 -9.94361 0.363565 117 
1.64297 -10.1306 0.518102 111 
1.53157 -9.42284 0.751155 51 
1.58223 -9.72598 0.912548 82 
1.43792 -8.83408 1.08612 63 
-0.392017 -9.47177 1.29555 63 
1.06117 -6.32975 -2.13538 84 
1.11892 -6.69503 -2.1492 109 
0.24284 -1.45882 -0.443632 20 
0.242616 -1.46125 -0.421276 23 
0.239855 -1.44838 -0.393788 27 
0.240796 -1.45769 -0.373796 30 
0.243561 -1.47845 -0.355636 12 
0.245722 -1.49498 -0.336707 13 
1.51893 -9.25734 -1.94188 104 
1.50954 -9.21824 -1.79541 82 
1.47129 -8.99845 -1.61578 99 
1.55228 -9.50731 -1.56817 98 
1.5692 -9.62682 -1.44276 96 
1.47376 -9.05123 -1.22587 36 
1.51498 -9.327 -1.12524 99 
1.60555 -9.86716 -1.05071 95 
1.24098 -7.64428 -0.700836 34 
1.42877 -8.8108 -0.683205 44 
1.72267 -10.6326 -0.669168 95 
1.7175 -10.6053 -0.518301 59 
1.72194 -10.607 -0.36417 45 
1.71951 -10.6154 -0.216994 41 
1.47374 -9.08509 -0.0528478 44 
1.42896 -8.82072 0.0714253 73 
1.45255 -8.94458 0.201839 89 
1.61211 -9.94361 0.363565 117 
1.53157 -9.42284 0.751155 51 
1.58223 -9.72598 0.912548 82 
-0.392017 -9.47177 1.29555 63 
-0.318438 -5.95101 -2.07976 73 
-0.457366 -9.45297 1.29338 87 
-0.318438 -5.95101 -2.07976 73 
-0.50927 -10.5257 1.44016 98 
0.972111 -6.3402 -2.13412 63 
0.226379 -1.48148 -0.474514 21 
0.222448 -1.46207 -0.443632 19 
0.220459 -1.45309 -0.417993 23 
0.222498 -1.47069 -0.39897 27 
0.22042 -1.46091 -0.373796 30 
0.222316 -1.47785 -0.354713 13 
0.223666 -1.49054 -0.334971 13 
0.218147 -1.45653 -0.304863 6 
1.39462 -9.33166 -1.81353 88 
1.34667 -9.02591 -1.61717 59 
1.41938 -9.52805 -1.56817 84 
1.30834 -8.79847 -1.31575 109 
1.31753 -8.87092 -1.19884 101 
1.27694 -8.62037 -1.03774 84 
1.40397 -9.4597 -1.00514 88 
1.13121 -7.64116 -0.699034 40 
1.12826 -7.63048 -0.590401 38 
1.25725 -8.51105 -0.534492 101 
1.56575 -10.6046 -0.517145 55 
1.57016 -10.6063 -0.363357 96 
1.56879 -10.6226 -0.216671 48 
1.36431 -9.22349 -0.0535368 41 
1.32963 -9.00204 0.0727361 41 
1.40251 -9.47034 0.21324 104 
1.35971 -9.19799 0.335577 106 
1.44877 -9.79685 0.499951 59 
1.34648 -9.08983 0.591006 104 
1.40921 -9.50642 0.756175 101 
1.34982 -9.09705 0.851686 52 
1.26751 -8.52901 0.923627 96 
1.25612 -8.46051 1.03793 89 
-0.524883 -9.47725 1.29717 59 
-0.519938 -9.34365 1.41177 47 
0.972111 -6.3402 -2.13412 63 
1.02706 -6.7213 -2.15282 106 
0.222448 -1.46207 -0.443632 19 
0.220459 -1.45309 -0.417993 23 
0.222498 -1.47069 -0.39897 27 
0.22042 -1.46091 -0.373796 30 
0.222316 -1.47785 -0.354713 13 
0.223666 -1.49054 -0.334971 13 
1.39533 -9.31638 -1.94999 95 
1.39462 -9.33166 -1.81353 88 
1.34667 -9.02591 -1.61717 59 
1.41938 -9.52805 -1.56817 84 
1.41892 -9.54212 -1.42696 112 
1.31753 -8.87092 -1.19884 101 
1.27694 -8.62037 -1.03774 84 
1.40397 -9.4597 -1.00514 88 
1.13121 -7.64116 -0.699034 40 
1.12826 -7.63048 -0.590401 38 
1.25725 -8.51105 -0.534492 101 
1.56575 -10.6046 -0.517145 55 
1.57016 -10.6063 -0.363357 96 
1.56879 -10.6226 -0.216671 48 
1.36431 -9.22349 -0.0535368 41 
1.40251 -9.47034 0.21324 104 
1.34648 -9.08983 0.591006 104 
1.40921 -9.50642 0.756175 101 
1.26751 -8.52901 0.923627 96 
1.25612 -8.46051 1.03793 89 
-0.524883 -9.47725 1.29717 59 
-0.519938 -9.34365 1.41177 47 
-0.402005 -5.95352 -2.08239 73 
-0.600657 -9.62762 1.3183 41 
-0.665039 -10.6148 1.6045 38 
-0.402005 -5.95352 -2.08239 73 
-0.600657 -9.62762 1.3183 41 
-0.665039 -10.6148 1.6045 38 
0.882971 -6.3494 -2.13286 95 
0.204626 -1.47694 -0.472099 20 
0.202012 -1.46503 -0.443632 17 
0.200149 -1.45602 -0.417993 22 
0.19932 -1.45451 -0.393788 27 
0.199476 -1.46001 -0.372815 31 
0.202186 -1.48467 -0.355636 14 
0.202308 -1.48965 -0.334103 13 
0.203576 -1.50213 -0.313781 9 
1.21735 -9.00377 -1.74633 96 
1.13834 -8.43493 -1.50829 107 
1.15179 -8.54921 -1.40428 101 
1.19381 -8.87863 -1.32511 99 
1.20463 -8.97097 -1.20997 106 
1.16436 -8.69641 -1.04484 106 
1.16066 -8.65041 -0.917336 73 
1.02177 -7.63646 -0.697231 33 
1.02373 -7.6613 -0.591622 42 
1.15414 -8.64649 -0.541932 60 
1.17979 -8.84327 -0.430408 56 
1.4198 -10.6113 -0.362815 82 
1.41927 -10.6355 -0.21651 79 
1.25553 -9.3923 -0.0544096 111 
1.16253 -8.71048 0.0702423 95 
1.26431 -9.4454 0.21226 107 
1.19199 -8.92287 0.324901 103 
1.18113 -8.83807 0.450138 84 
1.2438 -9.28974 0.602816 89 
1.18525 -8.84536 0.702208 73 
1.16495 -8.68472 0.811481 96 
1.1446 -8.51828 0.920644 84 
1.23085 -9.16989 1.12274 101 
-0.725477 -10.4535 1.43203 59 
-0.737479 -10.5863 1.60092 32 
0.882971 -6.3494 -2.13286 95 
0.935209 -6.7501 -2.15765 104 
0.202012 -1.46503 -0.443632 17 
0.200149 -1.45602 -0.417993 22 
0.19932 -1.45451 -0.393788 27 
0.199476 -1.46001 -0.372815 31 
0.202186 -1.48467 -0.355636 14 
0.202308 -1.48965 -0.334103 13 
1.2204 -9.00503 -1.88107 98 
1.21735 -9.00377 -1.74633 96 
1.13834 -8.43493 -1.50829 107 
1.29359 -9.60172 -1.57717 107 
1.19381 -8.87863 -1.32511 99 
1.20463 -8.97097 -1.20997 106 
1.16436 -8.69641 -1.04484 106 
1.16066 -8.65041 -0.917336 73 
1.02177 -7.63646 -0.697231 33 
1.41727 -10.6064 -0.819052 69 
1.15414 -8.64649 -0.541932 60 
1.41912 -10.6373 -0.517723 82 
1.4198 -10.6113 -0.362815 82 
1.41927 -10.6355 -0.21651 79 
1.25553 -9.3923 -0.0544096 111 
1.16253 -8.71048 0.0702423 95 
1.26431 -9.4454 0.21226 107 
1.18113 -8.83807 0.450138 84 
1.2438 -9.28974 0.602816 89 
1.18525 -8.84536 0.702208 73 
1.16495 -8.68472 0.811481 96 
1.1446 -8.51828 0.920644 84 
1.38933 -10.3506 1.2673 106 
-0.725477 -10.4535 1.43203 59 
-0.737479 -10.5863 1.60092 32 
-0.486625 -5.96615 -2.08898 95 
-0.799343 -10.46 1.43366 23 
-0.486625 -5.96615 -2.08898 95 
-0.799343 -10.46 1.43366 23 
0.792823 -6.34981 -2.12907 96 
0.183514 -1.47587 -0.470892 16 
0.181067 -1.46391 -0.442483 18 
0.180271 -1.4625 -0.419088 22 
0.178992 -1.45715 -0.393788 25 
0.180485 -1.4742 -0.375758 33 
0.180494 -1.47962 -0.353789 14 
0.181961 -1.4962 -0.334971 12 
0.180696 -1.48927 -0.310538 10 
1.06085 -8.76641 -1.69726 99 
1.02519 -8.4891 -1.51527 114 
1.03846 -8.61541 -1.41264 84 
1.17415 -9.76266 -1.45447 63 
1.05605 -8.82224 -1.05808 98 
0.993803 -8.28264 -0.876779 79 
0.913627 -7.63812 -0.696149 35 
0.91335 -7.64712 -0.589485 54 
0.963791 -8.07903 -0.505473 57 
0.979573 -8.21619 -0.399183 79 
1.27103 -10.6261 -0.362679 99 
1.12998 -9.47492 -0.192543 87 
1.11146 -9.30168 -0.0537895 111 
1.05786 -8.86885 0.0713933 47 
1.1038 -9.22389 0.206916 95 
1.06046 -8.8775 0.451348 68 
1.04234 -8.70772 0.564049 95 
1.07112 -8.94023 0.708483 79 
1.06588 -8.88601 0.828817 82 
1.06067 -8.82564 0.95217 84 
1.05726 -8.80769 1.07648 96 
0.792823 -6.34981 -2.12907 96 
0.831931 -6.6906 -2.13471 98 
0.181067 -1.46391 -0.442483 18 
0.180271 -1.4625 -0.419088 22 
0.178992 -1.45715 -0.393788 25 
0.180485 -1.4742 -0.375758 33 
0.180494 -1.47962 -0.353789 14 
0.181961 -1.4962 -0.334971 12 
1.09456 -9.02119 -1.88107 103 
1.06085 -8.76641 -1.69726 99 
1.02519 -8.4891 -1.51527 114 
1.03846 -8.61541 -1.41264 84 
1.17415 -9.76266 -1.45447 63 
1.05605 -8.82224 -1.05808 98 
0.993803 -8.28264 -0.876779 79 
0.913627 -7.63812 -0.696149 35 
1.26147 -10.5618 -0.814167 96 
1.26078 -10.5685 -0.661232 96 
1.2681 -10.6362 -0.516759 104 
1.27103 -10.6261 -0.362679 99 
1.26969 -10.6464 -0.216348 98 
1.05786 -8.86885 0.0713933 47 
1.06046 -8.8775 0.451348 68 
1.04234 -8.70772 0.564049 95 
1.07112 -8.94023 0.708483 79 
1.06588 -8.88601 0.828817 82 
1.06067 -8.82564 0.95217 84 
1.05726 -8.80769 1.07648 96 
-0.56808 -5.93998 -2.08239 79 
-0.56808 -5.93998 -2.08239 79 
0.705759 -6.37535 -2.13412 84 
0.162472 -1.47449 -0.469685 19 
0.159776 -1.45868 -0.440184 17 
0.159417 -1.46104 -0.417993 24 
0.15863 -1.45951 -0.393788 27 
0.157797 -1.4573 -0.370853 32 
0.160652 -1.48974 -0.355636 15 
0.160636 -1.49471 -0.334103 13 
0.163642 -1.5267 -0.317835 11 
0.99553 -9.31547 -1.80069 88 
0.958339 -8.98822 -1.60182 52 
0.933101 -8.7704 -1.43578 59 
1.00557 -9.47512 -1.4094 96 
1.01633 -9.59251 -1.28947 59 
0.974879 -9.23507 -1.10585 40 
0.874712 -8.26406 -0.873434 45 
0.806057 -7.64221 -0.695428 49 
0.808161 -7.67499 -0.590706 60 
0.851313 -8.09567 -0.505721 81 
0.886475 -8.43569 -0.409206 96 
0.926718 -8.78619 -0.29941 101 
0.905597 -8.61477 -0.17479 104 
0.890121 -8.4491 -0.0487826 90 
0.942292 -8.96231 0.0720327 82 
0.967771 -9.17079 0.205401 79 
0.962052 -9.13952 0.331681 117 
0.969046 -9.20133 0.467078 34 
0.994828 -9.42406 0.609491 104 
1.03964 -9.83865 0.778453 56 
1.03097 -9.74368 0.907384 82 
0.950495 -8.9756 1.09527 53 
0.705759 -6.37535 -2.13412 84 
0.743864 -6.75084 -2.15041 103 
0.159776 -1.45868 -0.440184 17 
0.159417 -1.46104 -0.417993 24 
0.15863 -1.45951 -0.393788 27 
0.157797 -1.4573 -0.370853 32 
0.160652 -1.48974 -0.355636 15 
0.160636 -1.49471 -0.334103 13 
0.967241 -9.02391 -1.87863 104 
0.99553 -9.31547 -1.80069 88 
0.958339 -8.98822 -1.60182 52 
1.00828 -9.47706 -1.55146 69 
1.00557 -9.47512 -1.4094 96 
1.01633 -9.59251 -1.28947 59 
0.974879 -9.23507 -1.10585 40 
0.874712 -8.26406 -0.873434 45 
0.806057 -7.64221 -0.695428 49 
0.808161 -7.67499 -0.590706 60 
0.851313 -8.09567 -0.505721 81 
1.10987 -10.5615 -0.512326 109 
1.12255 -10.6428 -0.362679 111 
1.11924 -10.6472 -0.216026 115 
0.890121 -8.4491 -0.0487826 90 
0.967771 -9.17079 0.205401 79 
0.969046 -9.20133 0.467078 34 
0.994828 -9.42406 0.609491 104 
1.03964 -9.83865 0.778453 56 
1.03097 -9.74368 0.907384 82 
0.616311 -6.3808 -2.13286 53 
0.14114 -1.46903 -0.46727 14 
0.13903 -1.45695 -0.439035 18 
0.139366 -1.46696 -0.419088 23 
0.1386 -1.46543 -0.394825 29 
0.136708 -1.45164 -0.368891 34 
0.138384 -1.47633 -0.351941 16 
0.139025 -1.48904 -0.332368 12 
0.141584 -1.52104 -0.316214 14 
0.779376 -8.40148 -1.62176 114 
0.877744 -9.48704 -1.68837 75 
0.891466 -9.65926 -1.5791 96 
0.844225 -9.19121 -1.23382 106 
0.872252 -9.53653 -1.14038 96 
0.764331 -8.33093 -0.879288 89 
0.699277 -7.65272 -0.695428 54 
0.696214 -7.6339 -0.586738 54 
0.735663 -8.07893 -0.503985 72 
0.750144 -8.24432 -0.399375 79 
0.807955 -8.84207 -0.300901 115 
0.781603 -8.58675 -0.173983 119 
0.784062 -8.59216 -0.0495405 84 
0.838101 -9.20563 0.0738871 79 
0.787565 -8.61393 0.192664 89 
0.835802 -9.16799 0.332258 101 
0.84665 -9.2816 0.470507 95 
0.840609 -9.19057 0.593573 75 
0.812258 -8.85677 0.823653 52 
0.803271 -8.73696 0.939816 107 
0.856301 -9.32806 1.13672 112 
0.616311 -6.3808 -2.13286 53 
0.648806 -6.75297 -2.14799 95 
0.13903 -1.45695 -0.439035 18 
0.139366 -1.46696 -0.419088 23 
0.1386 -1.46543 -0.394825 29 
0.136708 -1.45164 -0.368891 34 
0.138384 -1.47633 -0.351941 16 
0.139025 -1.48904 -0.332368 12 
0.772176 -8.29552 -1.72458 109 
0.864281 -9.31673 -1.79843 120 
0.877744 -9.48704 -1.68837 75 
0.891466 -9.65926 -1.5791 96 
0.844225 -9.19121 -1.23382 106 
0.872252 -9.53653 -1.14038 96 
0.764331 -8.33093 -0.879288 89 
0.699277 -7.65272 -0.695428 54 
0.696214 -7.6339 -0.586738 54 
0.735663 -8.07893 -0.503985 72 
0.750144 -8.24432 -0.399375 79 
0.965472 -10.5659 -0.359563 125 
0.967215 -10.6259 -0.215299 130 
0.784062 -8.59216 -0.0495405 84 
0.838101 -9.20563 0.0738871 79 
0.787565 -8.61393 0.192664 89 
0.835802 -9.16799 0.332258 101 
0.84665 -9.2816 0.470507 95 
0.527785 -6.39635 -2.13538 68 
0.120927 -1.47466 -0.468477 14 
0.119296 -1.46639 -0.441334 17 
0.117629 -1.45342 -0.414711 21 
0.117506 -1.45952 -0.392752 23 
0.117355 -1.465 -0.371834 37 
0.118067 -1.482 -0.352865 14 
0.118529 -1.49472 -0.333235 13 
0.120641 -1.52677 -0.317025 5 
0.691276 -8.78357 -1.69348 59 
0.693137 -8.83478 -1.57041 103 
0.698938 -8.93473 -1.45891 103 
0.701862 -9.00243 -1.33565 98 
0.753633 -9.68829 -1.29901 82 
0.754649 -9.74975 -1.1645 52 
0.649787 -8.36459 -0.881796 42 
0.590825 -7.64187 -0.693626 54 
0.589867 -7.64685 -0.587043 60 
0.63689 -8.27152 -0.515394 109 
0.629753 -8.18626 -0.396099 84 
0.64621 -8.35824 -0.284101 73 
0.707055 -9.18696 -0.185926 107 
0.722203 -9.35601 -0.0538813 56 
0.634272 -8.23936 0.066054 57 
0.633287 -8.1855 0.182866 42 
0.673912 -8.74035 0.316388 59 
0.728962 -9.44785 0.478372 106 
0.664459 -8.58453 0.553779 79 
0.71306 -9.19989 0.726054 60 
0.695919 -8.96256 0.832506 101 
0.683058 -8.77112 0.942372 95 
0.672429 -8.65026 1.05287 95 
0.527785 -6.39635 -2.13538 68 
0.551652 -6.72717 -2.13713 89 
0.119296 -1.46639 -0.441334 17 
0.117629 -1.45342 -0.414711 21 
0.117506 -1.45952 -0.392752 23 
0.117355 -1.465 -0.371834 37 
0.118067 -1.482 -0.352865 14 
0.118529 -1.49472 -0.333235 13 
0.660906 -8.36406 -1.73674 59 
0.691276 -8.78357 -1.69348 59 
0.756905 -9.64758 -1.71489 107 
0.698938 -8.93473 -1.45891 103 
0.701862 -9.00243 -1.33565 98 
0.753633 -9.68829 -1.29901 82 
0.754649 -9.74975 -1.1645 52 
0.76286 -9.82016 -1.03524 56 
0.590825 -7.64187 -0.693626 54 
0.589867 -7.64685 -0.587043 60 
0.820785 -10.6598 -0.664208 123 
0.629753 -8.18626 -0.396099 84 
0.64621 -8.35824 -0.284101 73 
0.707055 -9.18696 -0.185926 107 
0.777923 -10.0779 -0.0580384 63 
0.634272 -8.23936 0.066054 57 
0.633287 -8.1855 0.182866 42 
0.711898 -9.19743 0.593317 89 
0.695919 -8.96256 0.832506 101 
0.683058 -8.77112 0.942372 95 
0.672429 -8.65026 1.05287 95 
-1.38251 -10.403 1.4342 16 
-1.38251 -10.403 1.4342 16 
0.437909 -6.39552 -2.13286 84 
0.100067 -1.4724 -0.46727 18 
0.0988103 -1.46791 -0.441334 14 
0.0980947 -1.46644 -0.417993 21 
0.0973729 -1.46487 -0.393788 28 
0.0979119 -1.48197 -0.375758 40 
0.0968534 -1.47574 -0.351018 13 
0.0986655 -1.51182 -0.336707 11 
0.0993126 -1.52831 -0.317025 13 
0.563247 -8.71004 -1.67763 103 
0.588707 -9.13839 -1.62276 111 
0.554394 -8.63631 -1.40878 59 
0.571809 -8.94423 -1.3257 104 
0.61047 -9.57521 -1.28258 104 
0.594081 -9.37483 -1.11862 99 
0.615062 -9.66311 -1.01768 101 
0.484573 -7.65733 -0.694347 52 
0.483294 -7.65832 -0.587348 57 
0.524601 -8.33141 -0.518618 103 
0.528184 -8.39762 -0.405929 109 
0.527175 -8.33054 -0.282882 68 
0.596299 -9.47532 -0.191574 101 
0.562255 -8.90211 -0.0512171 44 
0.571189 -9.07375 0.0726722 79 
0.563173 -8.89197 0.198454 104 
0.569677 -9.03216 0.326632 69 
0.538086 -8.52416 0.43118 81 
0.543778 -8.58102 0.553009 101 
0.581256 -9.15721 0.721975 45 
0.585887 -9.2099 0.854637 95 
0.582067 -9.11718 0.978584 57 
0.602581 -9.45929 1.15021 96 
0.437909 -6.39552 -2.13286 84 
0.453535 -6.67334 -2.11781 103 
0.0988103 -1.46791 -0.441334 14 
0.0980947 -1.46644 -0.417993 21 
0.0973729 -1.46487 -0.393788 28 
0.0979119 -1.48197 -0.375758 40 
0.0968534 -1.47574 -0.351018 13 
0.0986655 -1.51182 -0.336707 11 
0.560062 -8.61872 -1.78782 109 
0.563247 -8.71004 -1.67763 103 
0.588707 -9.13839 -1.62276 111 
0.554394 -8.63631 -1.40878 59 
0.571809 -8.94423 -1.3257 104 
0.61047 -9.57521 -1.28258 104 
0.594081 -9.37483 -1.11862 99 
0.615062 -9.66311 -1.01768 101 
0.484573 -7.65733 -0.694347 52 
0.483294 -7.65832 -0.587348 57 
0.524601 -8.33141 -0.518618 103 
0.528184 -8.39762 -0.405929 109 
0.734713 -11.6101 -0.394246 103 
0.596299 -9.47532 -0.191574 101 
0.571189 -9.07375 0.0726722 79 
0.569677 -9.03216 0.326632 69 
0.538086 -8.52416 0.43118 81 
0.543778 -8.58102 0.553009 101 
0.581256 -9.15721 0.721975 45 
0.585887 -9.2099 0.854637 95 
0.582067 -9.11718 0.978584 57 
0.347539 -6.38206 -2.12654 68 
0.0805268 -1.49269 -0.473307 15 
0.0776937 -1.45767 -0.437886 15 
0.0776104 -1.46767 -0.417993 23 
0.0767082 -1.46223 -0.392752 28 
0.0764044 -1.46771 -0.371834 38 
0.0762394 -1.47695 -0.351018 15 
0.0773477 -1.50915 -0.335839 12 
0.077765 -1.52563 -0.316214 11 
0.437408 -8.63468 -1.66177 107 
0.444202 -8.81135 -1.56343 107 
0.432966 -8.62743 -1.40621 95 
0.466799 -9.35049 -1.38481 84 
0.484402 -9.73724 -1.30325 88 
0.468614 -9.49329 -1.13187 96 
0.473575 -9.53964 -1.00388 104 
0.376632 -7.64345 -0.692544 60 
0.375537 -7.64839 -0.586127 73 
0.412716 -8.42963 -0.524323 101 
0.422199 -8.63563 -0.417108 104 
0.489118 -9.92625 -0.336803 103 
0.456128 -9.32295 -0.188347 49 
0.476396 -9.69214 -0.0557187 103 
0.460477 -9.40844 0.0752938 56 
0.429312 -8.70326 0.194089 89 
0.405901 -8.27266 0.298932 84 
0.401379 -8.17173 0.413029 67 
0.399118 -8.08543 0.52066 99 
0.397785 -8.04128 0.633493 81 
0.446583 -9.00236 0.834719 88 
0.443233 -8.89402 0.953875 95 
0.446405 -8.98294 1.09142 96 
0.347539 -6.38206 -2.12654 68 
0.357646 -6.62952 -2.10211 96 
0.0776937 -1.45767 -0.437886 15 
0.0776104 -1.46767 -0.417993 23 
0.0767082 -1.46223 -0.392752 28 
0.0764044 -1.46771 -0.371834 38 
0.0762394 -1.47695 -0.351018 15 
0.0773477 -1.50915 -0.335839 12 
0.435883 -8.55138 -1.77242 103 
0.437408 -8.63468 -1.66177 107 
0.444202 -8.81135 -1.56343 107 
0.432966 -8.62743 -1.40621 95 
0.466799 -9.35049 -1.38481 84 
0.484402 -9.73724 -1.30325 88 
0.468614 -9.49329 -1.13187 96 
0.473575 -9.53964 -1.00388 104 
0.376632 -7.64345 -0.692544 60 
0.375537 -7.64839 -0.586127 73 
0.412716 -8.42963 -0.524323 101 
0.422199 -8.63563 -0.417108 104 
0.489118 -9.92625 -0.336803 103 
0.476396 -9.69214 -0.0557187 103 
0.460477 -9.40844 0.0752938 56 
0.405901 -8.27266 0.298932 84 
0.401379 -8.17173 0.413029 67 
0.399118 -8.08543 0.52066 99 
0.397785 -8.04128 0.633493 81 
0.257937 -6.37492 -2.12275 89 
0.0586121 -1.467 -0.464855 10 
0.0574844 -1.46244 -0.439035 14 
0.0578586 -1.48783 -0.423465 19 
0.0561363 -1.4593 -0.391716 31 
0.0559046 -1.46863 -0.371834 43 
0.0554642 -1.47398 -0.350094 14 
0.0553968 -1.48667 -0.330632 11 
0.0563115 -1.52266 -0.315403 5 
0.312776 -8.53003 -1.64063 114 
0.323427 -8.87967 -1.5746 106 
0.318036 -8.78651 -1.43128 63 
0.324264 -9.02393 -1.33565 109 
0.329983 -9.22797 -1.23435 107 
0.291087 -8.22868 -0.980509 136 
0.290723 -8.15388 -0.857546 72 
0.270298 -7.65991 -0.693626 46 
0.268713 -7.65288 -0.586127 60 
0.309072 -8.83755 -0.549373 53 
0.31162 -8.92817 -0.430986 89 
0.303108 -8.58972 -0.291282 106 
0.340297 -9.74007 -0.196658 114 
0.344119 -9.78579 -0.056224 88 
0.323621 -9.25805 0.0740469 63 
0.348289 -9.8554 0.219653 59 
0.34641 -9.87549 0.35664 69 
0.300429 -8.55183 0.431987 85 
0.293668 -8.30164 0.534267 95 
0.32068 -9.03836 0.711621 95 
0.316452 -8.88433 0.823285 84 
0.317157 -8.84767 0.948336 63 
0.316123 -8.85337 1.07504 95 
0.257937 -6.37492 -2.12275 89 
0.264439 -6.61862 -2.09728 54 
0.0574844 -1.46244 -0.439035 14 
0.0578586 -1.48783 -0.423465 19 
0.0561363 -1.4593 -0.391716 31 
0.0559046 -1.46863 -0.371834 43 
0.0554642 -1.47398 -0.350094 14 
0.0553968 -1.48667 -0.330632 11 
0.312681 -8.45486 -1.75134 59 
0.312776 -8.53003 -1.64063 114 
0.323427 -8.87967 -1.5746 106 
0.318036 -8.78651 -1.43128 63 
0.324264 -9.02393 -1.33565 109 
0.329983 -9.22797 -1.23435 107 
0.326192 -9.22104 -1.09876 143 
0.290723 -8.15388 -0.857546 72 
0.270298 -7.65991 -0.693626 46 
0.268713 -7.65288 -0.586127 60 
0.355538 -10.1662 -0.631965 69 
0.31162 -8.92817 -0.430986 89 
0.356399 -10.0999 -0.342493 115 
0.340297 -9.74007 -0.196658 114 
0.300429 -8.55183 0.431987 85 
0.293668 -8.30164 0.534267 95 
0.32068 -9.03836 0.711621 95 
0.316452 -8.88433 0.823285 84 
0.317157 -8.84767 0.948336 63 
0.168803 -6.3741 -2.12149 68 
0.0382229 -1.47148 -0.466062 20 
0.0369629 -1.45927 -0.437886 15 
0.0366005 -1.46926 -0.417993 22 
0.0357559 -1.45994 -0.391716 32 
0.0352071 -1.46151 -0.369872 44 
0.0348788 -1.47461 -0.350094 13 
0.034816 -1.49511 -0.332368 12 
0.0354969 -1.54288 -0.319457 8 
0.191063 -8.41968 -1.61874 79 
0.211525 -9.42278 -1.67022 45 
0.190327 -8.56511 -1.39464 106 
0.194764 -8.86934 -1.31224 79 
0.194028 -8.90664 -1.19089 73 
0.173449 -8.10487 -0.965373 67 
0.178487 -8.23271 -0.86549 54 
0.163322 -7.66294 -0.693626 52 
0.162004 -7.66387 -0.586738 79 
0.184226 -8.77315 -0.545157 85 
0.179994 -8.60011 -0.414988 96 
0.192177 -9.01678 -0.305642 112 
0.209301 -9.98377 -0.2015 114 
0.207963 -9.81364 -0.0563618 69 
0.20171 -9.61358 0.0768605 75 
0.189125 -8.85178 0.197207 89 
0.178636 -8.4646 0.305568 101 
0.175927 -8.31555 0.419886 95 
0.178072 -8.3209 0.535294 103 
0.17722 -8.24062 0.648554 81 
0.192549 -8.89584 0.824022 79 
0.19368 -8.85521 0.948762 57 
0.19153 -8.81325 1.06974 95 
0.168803 -6.3741 -2.12149 68 
0.171112 -6.58736 -2.08641 104 
0.0369629 -1.45927 -0.437886 15 
0.0366005 -1.46926 -0.417993 22 
0.0357559 -1.45994 -0.391716 32 
0.0352071 -1.46151 -0.369872 44 
0.0348788 -1.47461 -0.350094 13 
0.034816 -1.49511 -0.332368 12 
0.217846 -9.46871 -1.96053 98 
0.207193 -9.13048 -1.75539 95 
0.211525 -9.42278 -1.67022 45 
0.190327 -8.56511 -1.39464 106 
0.194764 -8.86934 -1.31224 79 
0.194028 -8.90664 -1.19089 73 
0.173449 -8.10487 -0.965373 67 
0.203751 -9.39801 -0.987997 68 
0.163322 -7.66294 -0.693626 52 
0.162004 -7.66387 -0.586738 79 
0.184226 -8.77315 -0.545157 85 
0.179994 -8.60011 -0.414988 96 
0.217988 -10.2278 -0.346693 119 
0.209301 -9.98377 -0.2015 114 
0.207963 -9.81364 -0.0563618 69 
0.189125 -8.85178 0.197207 89 
0.178636 -8.4646 0.305568 101 
0.175927 -8.31555 0.419886 95 
0.210572 -9.79147 0.770609 101 
0.192549 -8.89584 0.824022 79 
0.19368 -8.85521 0.948762 57 
0.19153 -8.81325 1.06974 95 
0.0799331 -6.38722 -2.12528 68 
0.0176741 -1.47187 -0.466062 17 
0.0167153 -1.47114 -0.441334 14 
0.0159987 -1.46193 -0.415805 19 
0.0153278 -1.45643 -0.390679 33 
0.0147193 -1.45411 -0.36791 46 
0.0143621 -1.48274 -0.351941 13 
0.0140832 -1.51107 -0.335839 13 
0.0138807 -1.53539 -0.317835 9 
0.0756472 -8.66899 -1.6663 106 
0.072125 -8.50321 -1.5069 75 
0.0702968 -8.51561 -1.38629 63 
0.069676 -8.71688 -1.28941 95 
0.0685367 -8.76576 -1.17182 101 
0.0599161 -8.05884 -0.959697 47 
0.0707041 -9.16524 -0.963328 68 
0.0563444 -7.66846 -0.693986 49 
0.0548123 -7.64145 -0.584906 60 
0.0582903 -8.28782 -0.514898 103 
0.0575911 -8.27018 -0.39899 101 
0.066382 -9.03457 -0.306184 96 
0.0616005 -8.80199 -0.177614 123 
0.0626281 -8.66763 -0.0497702 57 
0.0655838 -9.34747 0.0747184 109 
0.0665526 -8.99352 0.200324 99 
0.0609194 -8.53423 0.308021 99 
0.0599504 -8.33717 0.420895 95 
0.0697414 -9.38036 0.603329 104 
0.0617546 -8.19045 0.644475 85 
0.0698536 -9.09681 0.842465 106 
0.0773183 -9.77975 1.0476 63 
0.0760147 -9.7879 1.18779 88 
0.0799331 -6.38722 -2.12528 68 
0.078984 -6.57767 -2.08279 99 
0.0167153 -1.47114 -0.441334 14 
0.0159987 -1.46193 -0.415805 19 
0.0153278 -1.45643 -0.390679 33 
0.0147193 -1.45411 -0.36791 46 
0.0143621 -1.48274 -0.351941 13 
0.0140832 -1.51107 -0.335839 13 
0.0859044 -9.50216 -1.96701 101 
0.0756472 -8.66899 -1.6663 106 
0.080009 -9.43269 -1.67162 95 
0.0702968 -8.51561 -1.38629 63 
0.069676 -8.71688 -1.28941 95 
0.0756663 -9.67762 -1.29371 107 
0.066708 -8.97236 -1.06849 53 
0.0798183 -10.3467 -1.08751 88 
0.0563444 -7.66846 -0.693986 49 
0.0548123 -7.64145 -0.584906 60 
0.0582903 -8.28782 -0.514898 103 
0.0575911 -8.27018 -0.39899 101 
0.066382 -9.03457 -0.306184 96 
0.0616005 -8.80199 -0.177614 123 
0.0626281 -8.66763 -0.0497702 57 
0.0655838 -9.34747 0.0747184 109 
0.0665526 -8.99352 0.200324 99 
0.0609194 -8.53423 0.308021 99 
0.0599504 -8.33717 0.420895 95 
0.0697414 -9.38036 0.603329 104 
0.0685194 -9.08765 0.715072 98 
0.0698536 -9.09681 0.842465 106 
0.0773183 -9.77975 1.0476 63 
0.0760147 -9.7879 1.18779 88 
-0.00927077 -6.3991 -2.12907 63 
-0.00285581 -1.46054 -0.46244 17 
-0.00380666 -1.46356 -0.439035 16 
-0.00442627 -1.46586 -0.416899 19 
-0.00503529 -1.46423 -0.392752 30 
-0.00561442 -1.46193 -0.369872 45 
-0.00637484 -1.49058 -0.353789 13 
-0.00690715 -1.48769 -0.330632 12 
-0.00761587 -1.54718 -0.320268 8 
-0.0495533 -9.46266 -1.81881 82 
-0.0493468 -9.00359 -1.59554 68 
-0.0495079 -8.67368 -1.412 111 
-0.0508799 -8.52311 -1.26073 73 
-0.055418 -9.0196 -1.20573 79 
-0.0585463 -8.96844 -1.06801 107 
-0.064652 -10.3468 -1.08751 104 
-0.0508348 -7.68443 -0.695428 52 
-0.0519386 -7.64945 -0.585517 76 
-0.0611384 -8.82278 -0.548133 76 
-0.0613238 -8.7616 -0.422698 101 
-0.0575982 -8.70681 -0.295075 101 
-0.0605207 -8.69002 -0.175354 69 
-0.0645169 -9.28748 0.0742388 98 
-0.0611751 -9.32149 0.207628 88 
-0.0604254 -8.85403 0.319562 84 
-0.0581648 -8.58887 0.4336 109 
-0.0594377 -9.10499 0.585615 101 
-0.0587806 -9.15153 0.720092 98 
-0.0569892 -9.06901 0.839883 103 
-0.0548034 -9.04807 0.969212 89 
-0.0560519 -9.04547 1.09768 84 
-0.00927077 -6.3991 -2.12907 63 
-0.0127878 -6.54 -2.07072 99 
-0.00380666 -1.46356 -0.439035 16 
-0.00442627 -1.46586 -0.416899 19 
-0.00503529 -1.46423 -0.392752 30 
-0.00561442 -1.46193 -0.369872 45 
-0.00637484 -1.49058 -0.353789 13 
-0.00690715 -1.48769 -0.330632 12 
-0.0459073 -9.32618 -1.93053 98 
-0.0495533 -9.46266 -1.81881 82 
-0.0493468 -9.00359 -1.59554 68 
-0.0557274 -9.76332 -1.58938 117 
-0.0508799 -8.52311 -1.26073 73 
-0.0606554 -9.872 -1.31968 95 
-0.0585463 -8.96844 -1.06801 107 
-0.064652 -10.3468 -1.08751 104 
-0.0691501 -10.4531 -0.945985 95 
-0.0519386 -7.64945 -0.585517 76 
-0.0611384 -8.82278 -0.548133 76 
-0.0613238 -8.7616 -0.422698 101 
-0.0575982 -8.70681 -0.295075 101 
-0.0605207 -8.69002 -0.175354 69 
-0.0718522 -10.3434 0.0826794 103 
-0.0594377 -9.10499 0.585615 101 
-0.0587806 -9.15153 0.720092 98 
-0.0986153 -6.39835 -2.12907 79 
-0.0234906 -1.47561 -0.46727 8 
-0.0243043 -1.4672 -0.440184 14 
-0.0248271 -1.46181 -0.415805 21 
-0.0254114 -1.46016 -0.391716 25 
-0.0260255 -1.4617 -0.369872 47 
-0.0270439 -1.48256 -0.351941 15 
-0.0280411 -1.50697 -0.334971 13 
-0.0291432 -1.54301 -0.319457 11 
-0.176691 -9.20184 -1.76898 103 
-0.183475 -9.43519 -1.67231 103 
-0.163229 -8.29715 -1.35094 63 
-0.170665 -8.56113 -1.26658 79 
-0.174969 -8.70083 -1.16334 107 
-0.187829 -9.16531 -1.09166 106 
-0.205492 -10.1659 -1.06869 104 
-0.158039 -7.67899 -0.695068 46 
-0.158819 -7.65197 -0.585822 73 
-0.173475 -8.30218 -0.51589 99 
-0.172846 -8.2446 -0.397833 95 
-0.18541 -9.00892 -0.305372 96 
-0.189378 -9.04818 -0.182617 63 
-0.182805 -8.82996 -0.0507118 53 
-0.183814 -8.7898 0.0702743 84 
-0.208471 -10.1553 0.226244 104 
-0.184623 -8.8803 0.320572 89 
-0.179983 -8.67908 0.438239 63 
-0.18574 -9.06337 0.583047 98 
-0.190452 -9.34118 0.735153 107 
-0.189655 -9.36599 0.867547 98 
-0.180651 -9.02257 0.966655 95 
-0.179379 -8.89691 1.07986 50 
-0.0986153 -6.39835 -2.12907 79 
-0.106345 -6.68026 -2.11539 45 
-0.0243043 -1.4672 -0.440184 14 
-0.0248271 -1.46181 -0.415805 21 
-0.0254114 -1.46016 -0.391716 25 
-0.0260255 -1.4617 -0.369872 47 
-0.0270439 -1.48256 -0.351941 15 
-0.0280411 -1.50697 -0.334971 13 
-0.161471 -8.5492 -1.76999 101 
-0.176691 -9.20184 -1.76898 103 
-0.183475 -9.43519 -1.67231 103 
-0.163229 -8.29715 -1.35094 63 
-0.170665 -8.56113 -1.26658 79 
-0.174969 -8.70083 -1.16334 107 
-0.187829 -9.16531 -1.09166 106 
-0.205492 -10.1659 -1.06869 104 
-0.216484 -10.5188 -0.952113 87 
-0.158819 -7.65197 -0.585822 73 
-0.173475 -8.30218 -0.51589 99 
-0.172846 -8.2446 -0.397833 95 
-0.18541 -9.00892 -0.305372 96 
-0.184623 -8.8803 0.320572 89 
-0.179983 -8.67908 0.438239 63 
-0.18574 -9.06337 0.583047 98 
-0.187718 -6.38876 -2.12654 59 
-0.043977 -1.47132 -0.466062 5 
-0.0449041 -1.47055 -0.441334 14 
-0.0448777 -1.44978 -0.412522 17 
-0.0459171 -1.46352 -0.392752 28 
-0.0464316 -1.4612 -0.369872 37 
-0.0477411 -1.48204 -0.351941 15 
-0.0485703 -1.49082 -0.3315 13 
-0.0508127 -1.54637 -0.320268 11 
-0.305021 -9.19455 -1.76823 103 
-0.316245 -9.4632 -1.6779 98 
-0.280255 -8.32958 -1.35673 90 
-0.298628 -8.80706 -1.30346 63 
-0.332493 -9.75551 -1.30484 99 
-0.312494 -9.06652 -1.08031 96 
-0.356925 -10.4404 -1.09796 96 
-0.266202 -7.7039 -0.697592 44 
-0.266196 -7.66495 -0.587043 95 
-0.29021 -8.32289 -0.517378 95 
-0.29394 -8.41308 -0.406122 98 
-0.300684 -8.70181 -0.295075 95 
-0.312483 -8.95273 -0.180761 75 
-0.312588 -9.01443 -0.0517913 99 
-0.300385 -8.61049 0.0688675 99 
-0.29743 -8.62073 0.19213 103 
-0.298512 -8.59986 0.434407 81 
-0.293428 -8.51334 0.547874 99 
-0.284841 -8.28947 0.652633 72 
-0.282807 -8.26378 0.765743 96 
-0.279447 -8.2202 0.881024 79 
-0.348286 -10.2032 1.23887 69 
-0.187718 -6.38876 -2.12654 59 
-0.197669 -6.61333 -2.09487 31 
-0.0449041 -1.47055 -0.441334 14 
-0.0448777 -1.44978 -0.412522 17 
-0.0459171 -1.46352 -0.392752 28 
-0.0464316 -1.4612 -0.369872 37 
-0.0477411 -1.48204 -0.351941 15 
-0.0485703 -1.49082 -0.3315 13 
-0.310923 -9.46219 -1.95971 107 
-0.305021 -9.19455 -1.76823 103 
-0.316245 -9.4632 -1.6779 98 
-0.280255 -8.32958 -1.35673 90 
-0.298628 -8.80706 -1.30346 63 
-0.332493 -9.75551 -1.30484 99 
-0.35395 -10.2693 -1.22363 103 
-0.356925 -10.4404 -1.09796 96 
-0.364704 -10.5545 -0.955718 79 
-0.266196 -7.66495 -0.587043 95 
-0.29021 -8.32289 -0.517378 95 
-0.29394 -8.41308 -0.406122 98 
-0.300684 -8.70181 -0.295075 95 
-0.312483 -8.95273 -0.180761 75 
-0.366927 -10.5815 -0.0607945 107 
-0.298512 -8.59986 0.434407 81 
-0.293428 -8.51334 0.547874 99 
-0.351057 -10.2581 0.95054 107 
-0.347688 -10.2276 1.09617 101 
-0.276572 -6.37793 -2.12402 68 
-0.0661134 -1.48509 -0.445931 15 
-0.0661518 -1.47208 -0.419088 16 
-0.0668717 -1.47432 -0.395861 29 
-0.0662968 -1.44879 -0.366928 32 
-0.0689677 -1.49289 -0.354713 14 
-0.0693806 -1.48999 -0.3315 15 
-0.0725817 -1.54942 -0.321079 4 
-0.431147 -9.14231 -1.75917 99 
-0.455428 -9.60736 -1.70442 59 
-0.406858 -8.54175 -1.39207 79 
-0.438602 -9.15775 -1.35614 75 
-0.430025 -8.946 -1.19725 88 
-0.503834 -10.3982 -1.23971 103 
-0.400252 -8.30855 -0.87427 98 
-0.372967 -7.68352 -0.696149 68 
-0.373189 -7.66048 -0.587043 101 
-0.402686 -8.24226 -0.512665 90 
-0.456868 -9.33796 -0.451032 82 
-0.43475 -8.95631 -0.303881 68 
-0.417142 -8.53207 -0.172369 95 
-0.420921 -8.64962 -0.0497242 63 
-0.410018 -8.45597 0.188567 63 
-0.494206 -10.1374 0.366307 95 
-0.415252 -8.52702 0.430978 95 
-0.429651 -8.86726 0.570981 96 
-0.400745 -8.28867 0.652946 90 
-0.396242 -8.21924 0.762055 95 
-0.391714 -8.16385 0.875486 99 
-0.392034 -8.14674 0.989747 96 
-0.276572 -6.37793 -2.12402 68 
-0.294499 -6.71278 -2.12747 63 
-0.0661134 -1.48509 -0.445931 15 
-0.0661518 -1.47208 -0.419088 16 
-0.0668717 -1.47432 -0.395861 29 
-0.0662968 -1.44879 -0.366928 32 
-0.0689677 -1.49289 -0.354713 14 
-0.0693806 -1.48999 -0.3315 15 
-0.440806 -9.40998 -1.94999 59 
-0.431147 -9.14231 -1.75917 99 
-0.455428 -9.60736 -1.70442 59 
-0.406858 -8.54175 -1.39207 79 
-0.438602 -9.15775 -1.35614 75 
-0.484468 -10.0786 -1.34883 99 
-0.503834 -10.3982 -1.23971 103 
-0.503808 -10.4582 -1.10047 109 
-0.512999 -10.5683 -0.957521 104 
-0.373189 -7.66048 -0.587043 101 
-0.442233 -9.05173 -0.563014 98 
-0.456868 -9.33796 -0.451032 82 
-0.43475 -8.95631 -0.303881 68 
-0.417142 -8.53207 -0.172369 95 
-0.420921 -8.64962 -0.0497242 63 
-0.429651 -8.86726 0.570981 96 
-0.400745 -8.28867 0.652946 90 
-0.396242 -8.21924 0.762055 95 
-0.391714 -8.16385 0.875486 99 
-0.466662 -9.69756 1.17816 106 
-0.368203 -6.41892 -2.13917 68 
-0.0863943 -1.47637 -0.443632 13 
-0.0860196 -1.45949 -0.415805 16 
-0.0874499 -1.47324 -0.395861 21 
-0.0876752 -1.46707 -0.371834 30 
-0.0891034 -1.48013 -0.351941 17 
-0.0913577 -1.50837 -0.335839 15 
-0.0942079 -1.54825 -0.321079 9 
-0.589447 -9.63726 -1.85581 98 
-0.578419 -9.41923 -1.67231 75 
-0.524865 -8.51553 -1.38886 89 
-0.541486 -8.74789 -1.29643 56 
-0.55145 -8.88373 -1.18983 101 
-0.647233 -10.3624 -1.2364 69 
-0.508318 -8.17509 -0.860891 54 
-0.662495 -10.5919 -0.960405 106 
-0.480609 -7.66249 -0.587654 79 
-0.568572 -9.04468 -0.563014 85 
-0.573651 -9.11534 -0.440624 88 
-0.551522 -8.8177 -0.29941 59 
-0.533466 -8.48151 -0.171481 68 
-0.541147 -8.63492 -0.0496783 68 
-0.539181 -8.57479 0.0686757 79 
-0.65101 -10.4171 0.23248 88 
-0.595638 -9.49114 0.343223 106 
-0.567018 -9.0427 0.457398 85 
-0.550927 -8.82055 0.568413 98 
-0.59808 -9.59167 0.756175 95 
-0.508736 -8.17713 0.758735 103 
-0.630661 -10.1742 1.09191 95 
-0.368203 -6.41892 -2.13917 68 
-0.389517 -6.73086 -2.13471 79 
-0.0863943 -1.47637 -0.443632 13 
-0.0860196 -1.45949 -0.415805 16 
-0.0874499 -1.47324 -0.395861 21 
-0.0876752 -1.46707 -0.371834 30 
-0.0891034 -1.48013 -0.351941 17 
-0.0913577 -1.50837 -0.335839 15 
-0.577856 -9.49674 -1.96944 101 
-0.589447 -9.63726 -1.85581 98 
-0.578419 -9.41923 -1.67231 75 
-0.607444 -9.85532 -1.60738 101 
-0.614336 -9.92481 -1.47085 75 
-0.55145 -8.88373 -1.18983 101 
-0.647233 -10.3624 -1.2364 69 
-0.648544 -10.4303 -1.09838 82 
-0.662495 -10.5919 -0.960405 106 
-0.480609 -7.66249 -0.587654 79 
-0.568572 -9.04468 -0.563014 85 
-0.573651 -9.11534 -0.440624 88 
-0.628136 -10.0426 -0.341003 79 
-0.673548 -10.7087 -0.21651 99 
-0.541147 -8.63492 -0.0496783 68 
-0.539181 -8.57479 0.0686757 79 
-0.567018 -9.0427 0.457398 85 
-0.650711 -10.4181 0.671364 106 
-0.59808 -9.59167 0.756175 95 
-0.633632 -10.1846 0.945007 114 
-0.457789 -6.41316 -2.13917 29 
-0.107276 -1.47884 -0.444782 14 
-0.107229 -1.46966 -0.419088 18 
-0.107728 -1.46802 -0.394825 20 
-0.107865 -1.46184 -0.370853 26 
-0.110337 -1.4865 -0.353789 11 
-0.111537 -1.49526 -0.333235 10 
-0.115523 -1.54288 -0.320268 9 
-0.725124 -9.64376 -1.85883 88 
-0.708098 -9.38667 -1.66813 75 
-0.11498 -1.5196 -0.24808 1 
-0.129719 -1.70844 -0.253434 9 
-0.661292 -8.68936 -1.16493 95 
-0.792459 -10.3603 -1.23734 48 
-0.620295 -8.13943 -0.857964 60 
-0.59405 -7.75749 -0.704081 51 
-0.588158 -7.66298 -0.588264 84 
-0.719593 -9.35828 -0.583104 63 
-0.729378 -9.47692 -0.458549 73 
-0.661762 -8.64172 -0.29372 98 
-0.662264 -8.60881 -0.174225 98 
-0.660998 -8.59434 0.0688995 73 
-0.65176 -8.51698 0.190259 90 
-0.742175 -9.66524 0.34986 106 
-0.702083 -9.14942 0.463246 95 
-0.670679 -8.76822 0.565589 84 
-0.763224 -9.99192 0.788493 99 
-0.717936 -9.41626 0.874555 84 
-0.760896 -10.0097 1.07529 50 
-0.771325 -10.1282 1.23261 63 
-0.457789 -6.41316 -2.13917 29 
-0.481816 -6.70194 -2.12747 98 
-0.107276 -1.47884 -0.444782 14 
-0.107229 -1.46966 -0.419088 18 
-0.107728 -1.46802 -0.394825 20 
-0.107865 -1.46184 -0.370853 26 
-0.110337 -1.4865 -0.353789 11 
-0.111537 -1.49526 -0.333235 10 
-0.115523 -1.54288 -0.320268 9 
-0.725124 -9.64376 -1.85883 88 
-0.708098 -9.38667 -1.66813 75 
-0.747966 -9.88525 -1.6138 24 
-0.648594 -8.5422 -1.26717 84 
-0.728986 -9.57885 -1.28417 99 
-0.792459 -10.3603 -1.23734 48 
-0.802272 -10.5273 -1.10967 96 
-0.803321 -10.4903 -0.952113 95 
-0.588158 -7.66298 -0.588264 84 
-0.719593 -9.35828 -0.583104 63 
-0.81737 -10.6202 -0.513868 95 
-0.661762 -8.64172 -0.29372 98 
-0.795085 -10.3354 -0.209166 107 
-0.848409 -11.0311 0.0884343 101 
-0.65176 -8.51698 0.190259 90 
-0.742175 -9.66524 0.34986 106 
-0.702083 -9.14942 0.463246 95 
-0.779364 -10.1891 0.657244 99 
-0.769109 -10.0874 0.936892 96 
-0.539532 -6.31538 -2.10886 30 
-0.127253 -1.46956 -0.442483 15 
-0.128739 -1.47952 -0.42237 17 
-0.129224 -1.47792 -0.397933 20 
-0.128604 -1.46405 -0.371834 24 
-0.129712 -1.46931 -0.350094 13 
-0.133093 -1.50134 -0.334971 9 
-0.135666 -1.52551 -0.317025 10 
-0.147357 -1.6511 -0.318613 3 
-0.148508 -1.65941 -0.295237 3 
-0.137244 -1.52964 -0.250008 11 
-0.902562 -10.0299 -1.48958 75 
-0.898615 -9.96656 -1.3377 59 
-0.901573 -9.95663 -1.19052 73 
-0.928435 -10.2853 -1.08542 88 
-0.697629 -7.69687 -0.699394 42 
-0.695814 -7.66197 -0.588875 63 
-0.857417 -9.42684 -0.588065 63 
-0.951446 -10.4526 -0.506351 82 
-0.948713 -10.4671 -0.356176 96 
-0.78131 -8.58677 -0.173983 56 
-1.03802 -11.4368 -0.0659392 59 
-0.841085 -9.24553 0.0742068 56 
-0.825089 -9.10844 0.203709 79 
-0.861499 -9.48275 0.343656 82 
-0.834095 -9.18647 0.465666 73 
-0.835515 -9.22711 0.595884 104 
-0.819685 -9.06288 0.716013 68 
-0.852203 -9.43705 0.877506 95 
-0.539532 -6.31538 -2.10886 30 
-0.574363 -6.68317 -2.12384 42 
-0.127253 -1.46956 -0.442483 15 
-0.128739 -1.47952 -0.42237 17 
-0.129224 -1.47792 -0.397933 20 
-0.128604 -1.46405 -0.371834 24 
-0.129712 -1.46931 -0.350094 13 
-0.133093 -1.50134 -0.334971 9 
-0.135666 -1.52551 -0.317025 10 
-0.857607 -9.60922 -1.8543 45 
-0.148508 -1.65941 -0.295237 3 
-0.137244 -1.52964 -0.250008 11 
-0.902562 -10.0299 -1.48958 75 
-0.898615 -9.96656 -1.3377 59 
-0.901573 -9.95663 -1.19052 73 
-0.928435 -10.2853 -1.08542 88 
-0.941439 -10.3868 -0.943821 63 
-0.695814 -7.66197 -0.588875 63 
-0.857417 -9.42684 -0.588065 63 
-0.951446 -10.4526 -0.506351 82 
-0.948713 -10.4671 -0.356176 96 
-0.976637 -10.7335 -0.217478 95 
-0.937289 -10.3471 0.231411 96 
-0.834095 -9.18647 0.465666 73 
-0.835515 -9.22711 0.595884 104 
-0.96947 -10.719 0.846854 96 
-0.616005 -6.19015 -2.06972 95 
-0.667619 -6.67449 -2.12384 51 
-0.148526 -1.47527 -0.444782 22 
-0.14977 -1.4814 -0.423465 18 
-0.149066 -1.46828 -0.395861 19 
-0.14982 -1.46983 -0.373796 23 
-0.151006 -1.4751 -0.351941 14 
-0.153244 -1.49157 -0.333235 13 
-0.15615 -1.51568 -0.315403 17 
-0.147719 -1.42603 -0.254058 7 
-0.155326 -1.49616 -0.244866 8 
-0.17819 -1.71202 -0.254605 14 
-1.00479 -9.63757 -1.2953 112 
-1.06779 -10.2038 -1.22173 99 
-1.08186 -10.3663 -1.09545 82 
-0.806686 -7.70223 -0.700836 57 
-0.805636 -7.67927 -0.591012 72 
-1.01356 -9.6482 -0.602698 106 
-0.990781 -9.42505 -0.4572 59 
-1.10143 -10.5164 -0.358344 79 
-1.12515 -10.7069 -0.217236 79 
-1.20469 -11.4888 -0.0663296 63 
-0.981793 -9.34426 0.075102 73 
-1.02587 -9.80001 0.219475 56 
-1.04472 -9.95481 0.361257 59 
-0.987282 -9.41231 0.477767 59 
-0.942245 -9.00413 0.582277 68 
-0.962727 -9.2092 0.728564 57 
-1.05584 -10.1135 0.941687 14 
-0.975802 -9.36744 1.00883 29 
-0.979664 -9.39177 1.14587 59 
-0.616005 -6.19015 -2.06972 95 
-0.667619 -6.67449 -2.12384 51 
-0.148526 -1.47527 -0.444782 22 
-0.14977 -1.4814 -0.423465 18 
-0.149066 -1.46828 -0.395861 19 
-0.14982 -1.46983 -0.373796 23 
-0.151006 -1.4751 -0.351941 14 
-0.153244 -1.49157 -0.333235 13 
-0.15615 -1.51568 -0.315403 17 
-0.147719 -1.42603 -0.254058 7 
-0.155326 -1.49616 -0.244866 8 
-0.974105 -9.35906 -1.39184 114 
-1.00479 -9.63757 -1.2953 112 
-1.06779 -10.2038 -1.22173 99 
-1.08186 -10.3663 -1.09545 82 
-1.08056 -10.3172 -0.938774 96 
-0.805636 -7.67927 -0.591012 72 
-1.11784 -10.6408 -0.664704 111 
-0.990781 -9.42505 -0.4572 59 
-1.10143 -10.5164 -0.358344 79 
-1.12515 -10.7069 -0.217236 79 
-0.981793 -9.34426 0.075102 73 
-1.02587 -9.80001 0.219475 56 
-1.04472 -9.95481 0.361257 59 
-0.987282 -9.41231 0.477767 59 
-1.01661 -9.71477 0.628233 82 
-1.20776 -11.5531 0.914 95 
-1.05584 -10.1135 0.941687 14 
-0.975802 -9.36744 1.00883 29 
-1.05629 -10.1264 1.2355 69 
-0.702801 -6.18472 -2.07098 49 
-0.168236 -1.46544 -0.442483 29 
-0.169999 -1.47534 -0.42237 18 
-0.169108 -1.46222 -0.394825 29 
-0.168986 -1.45604 -0.370853 26 
-0.170687 -1.46511 -0.350094 17 
-0.169975 -1.45438 -0.325425 19 
-0.164852 -1.40036 -0.24987 8 
-0.181751 -1.54089 -0.252578 8 
-0.188604 -1.59541 -0.237631 10 
-1.18494 -10.0085 -1.34724 95 
-1.20546 -10.1484 -1.217 96 
-1.2307 -10.3857 -1.09921 88 
-0.913677 -7.68626 -0.700476 34 
-0.91372 -7.67519 -0.591622 72 
-1.27811 -10.7233 -0.670905 49 
-1.24438 -10.4682 -0.35726 99 
-1.27643 -10.706 -0.217559 71 
-1.26903 -10.6646 -0.0616672 59 
-1.12826 -9.46469 0.0761891 59 
-1.19186 -10.0309 0.224997 75 
-1.23938 -10.4076 0.378281 55 
-1.1696 -9.82603 0.499548 82 
-1.07305 -9.0337 0.585101 96 
-1.06161 -8.94538 0.708797 95 
-1.09849 -9.26719 0.864228 99 
-1.03173 -8.72095 0.940668 54 
-1.16394 -9.82672 1.2008 52 
-0.702801 -6.18472 -2.07098 49 
-0.749932 -6.5698 -2.09366 79 
-0.168236 -1.46544 -0.442483 29 
-0.169999 -1.47534 -0.42237 18 
-0.169108 -1.46222 -0.394825 29 
-0.168986 -1.45604 -0.370853 26 
-0.170687 -1.46511 -0.350094 17 
-0.169975 -1.45438 -0.325425 19 
-0.164852 -1.40036 -0.24987 8 
-0.181751 -1.54089 -0.252578 8 
-1.11537 -9.43493 -1.4053 104 
-1.18494 -10.0085 -1.34724 95 
-1.20546 -10.1484 -1.217 96 
-1.2307 -10.3857 -1.09921 88 
-1.25695 -10.574 -0.96365 56 
-0.91372 -7.67519 -0.591622 72 
-1.27811 -10.7233 -0.670905 49 
-1.24438 -10.4682 -0.35726 99 
-1.27643 -10.706 -0.217559 71 
-1.26903 -10.6646 -0.0616672 59 
-1.23905 -10.3941 0.0836705 69 
-1.19186 -10.0309 0.224997 75 
-1.07305 -9.0337 0.585101 96 
-1.06161 -8.94538 0.708797 95 
-1.09849 -9.26719 0.864228 99 
-1.11164 -9.39635 1.01352 60 
-1.16394 -9.82672 1.2008 52 
-0.790047 -6.18183 -2.07351 63 
-0.839161 -6.53978 -2.08762 60 
-0.19015 -1.47434 -0.445931 22 
-0.190581 -1.47283 -0.42237 17 
-0.193487 -1.49037 -0.403115 23 
-0.190801 -1.46508 -0.373796 36 
-0.191126 -1.46259 -0.350094 39 
-0.190054 -1.44088 -0.257547 9 
-0.200144 -1.51472 -0.248722 10 
-1.31866 -9.95977 -1.48607 103 
-1.33394 -10.0617 -1.35678 98 
-1.35856 -10.2172 -1.22741 96 
-1.36931 -10.3202 -1.0942 88 
-1.02826 -7.72803 -0.705523 37 
-1.02343 -7.68146 -0.593149 57 
-1.43351 -10.7479 -0.673633 101 
-1.43271 -10.7362 -0.522542 95 
-1.40992 -10.5965 -0.362273 96 
-1.42948 -10.7149 -0.218124 95 
-1.38613 -10.4079 -0.0602892 75 
-1.26559 -9.48766 0.0765088 75 
-1.297 -9.75169 0.219119 36 
-1.12741 -8.45965 0.308021 106 
-1.12837 -8.47029 0.431382 81 
-1.21696 -9.15237 0.59383 101 
-1.24102 -9.3408 0.741428 79 
-1.17537 -8.85612 0.827342 99 
-1.4151 -10.681 1.15411 75 
-1.29633 -9.77408 1.19647 95 
-0.790047 -6.18183 -2.07351 63 
-0.839161 -6.53978 -2.08762 60 
-0.19015 -1.47434 -0.445931 22 
-0.190581 -1.47283 -0.42237 17 
-0.193487 -1.49037 -0.403115 23 
-0.190801 -1.46508 -0.373796 36 
-0.191126 -1.46259 -0.350094 39 
-0.190054 -1.44088 -0.257547 9 
-1.29499 -9.80068 -1.6093 103 
-1.31866 -9.95977 -1.48607 103 
-1.33394 -10.0617 -1.35678 98 
-1.35856 -10.2172 -1.22741 96 
-1.36931 -10.3202 -1.0942 88 
-1.37872 -10.362 -0.945985 56 
-1.02343 -7.68146 -0.593149 57 
-1.43351 -10.7479 -0.673633 101 
-1.43271 -10.7362 -0.522542 95 
-1.40992 -10.5965 -0.362273 96 
-1.42948 -10.7149 -0.218124 95 
-1.38613 -10.4079 -0.0602892 75 
-1.26559 -9.48766 0.0765088 75 
-1.297 -9.75169 0.219119 36 
-1.2288 -9.22042 0.335721 111 
-1.12837 -8.47029 0.431382 81 
-1.21696 -9.15237 0.59383 101 
-1.24102 -9.3408 0.741428 79 
-1.17537 -8.85612 0.827342 99 
-1.4151 -10.681 1.15411 75 
-1.29633 -9.77408 1.19647 95 
-0.879484 -6.19274 -2.08108 63 
-0.91855 -6.44437 -2.06106 57 
-0.211803 -1.47913 -0.448229 19 
-0.208939 -1.45479 -0.417993 15 
-0.211522 -1.4684 -0.397933 23 
-0.213456 -1.47762 -0.37772 27 
-0.212645 -1.46748 -0.351941 13 
-0.204458 -1.39911 -0.250568 7 
-1.43342 -9.79337 -1.61123 79 
-1.46046 -9.95997 -1.489 59 
-1.45875 -9.93616 -1.34247 75 
-1.4872 -10.103 -1.21606 59 
-1.52368 -10.3709 -1.10172 82 
-1.53255 -10.4048 -0.951753 59 
-1.13349 -7.68615 -0.594675 57 
-1.13686 -7.70154 -0.483647 33 
-1.55621 -10.5373 -0.513868 98 
-1.54725 -10.5046 -0.359834 99 
-1.53397 -10.3892 -0.21191 96 
-1.49689 -10.1541 -0.0589341 46 
-1.41195 -9.56403 0.0772761 111 
-1.38584 -9.41216 0.211904 53 
-1.25008 -8.47472 0.309175 114 
-1.44816 -9.82116 0.501161 50 
-1.38474 -9.40698 0.611545 96 
-1.31909 -8.96749 0.713189 89 
-1.48673 -10.1329 1.09702 35 
-1.52384 -10.3758 1.2726 55 
-0.879484 -6.19274 -2.08108 63 
-0.91855 -6.44437 -2.06106 57 
-0.211803 -1.47913 -0.448229 19 
-0.208939 -1.45479 -0.417993 15 
-0.211522 -1.4684 -0.397933 23 
-0.213456 -1.47762 -0.37772 27 
-0.212645 -1.46748 -0.351941 13 
-1.3836 -9.48417 -1.84222 136 
-0.204458 -1.39911 -0.250568 7 
-1.43342 -9.79337 -1.61123 79 
-1.46046 -9.95997 -1.489 59 
-1.45875 -9.93616 -1.34247 75 
-1.4872 -10.103 -1.21606 59 
-1.52368 -10.3709 -1.10172 82 
-1.53255 -10.4048 -0.951753 59 
-1.13349 -7.68615 -0.594675 57 
-1.58344 -10.7269 -0.673633 56 
-1.55621 -10.5373 -0.513868 98 
-1.54725 -10.5046 -0.359834 99 
-1.53397 -10.3892 -0.21191 96 
-1.49689 -10.1541 -0.0589341 46 
-1.41195 -9.56403 0.0772761 111 
-1.66429 -11.3033 0.25448 69 
-1.25008 -8.47472 0.309175 114 
-1.75353 -11.8921 0.606839 69 
-1.38474 -9.40698 0.611545 96 
-1.31909 -8.96749 0.713189 89 
-1.48673 -10.1329 1.09702 35 
-1.52384 -10.3758 1.2726 55 
-0.96469 -6.17236 -2.07856 49 
-1.00667 -6.41961 -2.05744 45 
-0.233626 -1.4836 -0.450528 15 
-0.231031 -1.46313 -0.421276 17 
-0.233212 -1.47294 -0.400006 19 
-0.234674 -1.47833 -0.378702 24 
-0.234337 -1.47205 -0.353789 13 
-0.238728 -1.49611 -0.336707 13 
-0.239895 -1.50073 -0.314592 9 
-1.5134 -9.44841 -1.8392 84 
-1.59068 -9.90104 -1.63244 75 
-1.5931 -9.89954 -1.48315 98 
-1.61751 -10.0401 -1.35943 98 
-1.63571 -10.1283 -1.22173 104 
-1.63034 -10.113 -1.07664 96 
-1.67322 -10.3548 -0.949229 95 
-1.2426 -7.68138 -0.595591 57 
-1.55758 -9.61993 -0.605426 112 
-1.62524 -10.0334 -0.490353 106 
-1.73649 -10.7464 -0.368912 95 
-1.68782 -10.4221 -0.21304 101 
-1.70174 -10.5231 -0.0612079 107 
-1.57412 -9.72106 0.0787148 101 
-1.38575 -8.57864 0.193555 54 
-1.38872 -8.58272 0.313792 53 
-1.33892 -8.27774 0.423315 63 
-1.45486 -9.00842 0.586898 63 
-1.45497 -9.01512 0.718524 84 
-1.52491 -9.45686 0.887097 63 
-1.62174 -10.0719 1.09276 44 
-0.96469 -6.17236 -2.07856 49 
-1.00667 -6.41961 -2.05744 45 
-0.233626 -1.4836 -0.450528 15 
-0.231031 -1.46313 -0.421276 17 
-0.233212 -1.47294 -0.400006 19 
-0.234674 -1.47833 -0.378702 24 
-0.234337 -1.47205 -0.353789 13 
-0.238728 -1.49611 -0.336707 13 
-0.239895 -1.50073 -0.314592 9 
-1.5134 -9.44841 -1.8392 84 
-1.5441 -9.62506 -1.72745 106 
-1.59068 -9.90104 -1.63244 75 
-1.5931 -9.89954 -1.48315 98 
-1.61751 -10.0401 -1.35943 98 
-1.63571 -10.1283 -1.22173 104 
-1.63034 -10.113 -1.07664 96 
-1.67322 -10.3548 -0.949229 95 
-1.2426 -7.68138 -0.595591 57 
-1.7171 -10.6052 -0.667432 119 
-1.62524 -10.0334 -0.490353 106 
-1.73649 -10.7464 -0.368912 95 
-1.68782 -10.4221 -0.21304 101 
-1.57412 -9.72106 0.0787148 101 
-1.80664 -11.1842 0.252343 88 
-1.38872 -8.58272 0.313792 53 
-1.48564 -9.18478 0.4697 79 
-1.58723 -9.82809 0.640299 79 
-1.45497 -9.01512 0.718524 84 
-1.52491 -9.45686 0.887097 63 
-1.62174 -10.0719 1.09276 44 
-1.05205 -6.16577 -2.08108 53 
-1.10199 -6.43876 -2.0683 51 
-0.25302 -1.47264 -0.448229 17 
-0.254702 -1.47872 -0.426747 15 
-0.253097 -1.46573 -0.39897 18 
-0.255292 -1.47491 -0.378702 20 
-0.258194 -1.48781 -0.358408 14 
-0.260932 -1.50032 -0.338442 11 
-0.262842 -1.50881 -0.317025 10 
-0.26474 -1.51689 -0.295963 11 
-1.70071 -9.73059 -1.75048 43 
-1.73557 -9.91675 -1.63887 52 
-1.73594 -9.90361 -1.48724 82 
-1.74109 -9.9228 -1.34671 106 
-1.77765 -10.1084 -1.22221 98 
-1.78514 -10.1676 -1.085 82 
-1.86182 -10.5816 -0.972302 87 
-1.3525 -7.679 -0.596812 48 
-1.83312 -10.3993 -0.656023 98 
-1.64513 -9.32904 -0.457007 101 
-1.86489 -10.599 -0.364712 103 
-1.86512 -10.5787 -0.216752 99 
-1.72226 -9.78137 -0.0570278 69 
-1.72706 -9.79662 0.0795141 95 
-1.49015 -8.47181 0.191595 81 
-1.50217 -8.52706 0.312493 84 
-1.59641 -9.06478 0.464658 79 
-1.58049 -8.98723 0.586898 89 
-1.57517 -8.96251 0.716013 79 
-1.56586 -8.91682 0.838408 55 
-1.71274 -9.76623 1.06209 28 
-1.79305 -10.2157 1.25863 14 
-1.05205 -6.16577 -2.08108 53 
-1.10199 -6.43876 -2.0683 51 
-0.25302 -1.47264 -0.448229 17 
-0.254702 -1.47872 -0.426747 15 
-0.253097 -1.46573 -0.39897 18 
-0.255292 -1.47491 -0.378702 20 
-0.258194 -1.48781 -0.358408 14 
-0.260932 -1.50032 -0.338442 11 
-0.262842 -1.50881 -0.317025 10 
-1.67016 -9.56954 -1.86713 104 
-1.70071 -9.73059 -1.75048 43 
-1.73557 -9.91675 -1.63887 52 
-1.73594 -9.90361 -1.48724 82 
-1.74109 -9.9228 -1.34671 106 
-1.77765 -10.1084 -1.22221 98 
-1.78514 -10.1676 -1.085 82 
-1.86182 -10.5816 -0.972302 87 
-1.3525 -7.679 -0.596812 48 
-1.83312 -10.3993 -0.656023 98 
-1.8859 -10.6944 -0.523891 107 
-1.86489 -10.599 -0.364712 103 
-1.86512 -10.5787 -0.216752 99 
-1.49015 -8.47181 0.191595 81 
-1.76987 -10.0467 0.368182 101 
-1.59641 -9.06478 0.464658 79 
-1.58049 -8.98723 0.586898 89 
-1.57517 -8.96251 0.716013 79 
-1.7374 -9.89363 0.930253 69 
-1.71274 -9.76623 1.06209 28 
-1.79305 -10.2157 1.25863 14 
-1.13942 -6.15795 -2.08361 72 
-1.21265 -6.53523 -2.10453 57 
-0.27496 -1.4765 -0.450528 15 
-0.272499 -1.45989 -0.42237 14 
-0.2778 -1.48484 -0.405187 16 
-0.277289 -1.47882 -0.380664 22 
-0.275348 -1.46494 -0.353789 14 
-0.279686 -1.48502 -0.335839 13 
-0.283156 -1.50114 -0.316214 11 
-0.302668 -1.60182 -0.313328 12 
-1.84739 -9.76395 -1.76095 51 
-1.88341 -9.94198 -1.64722 52 
-1.91609 -10.1 -1.5206 101 
-1.9305 -10.1663 -1.38328 75 
-1.93346 -10.1606 -1.23167 69 
-1.93658 -10.1925 -1.09043 59 
-1.74936 -9.18874 -0.846483 109 
-1.46257 -7.67503 -0.598033 72 
-1.82333 -9.56093 -0.604682 114 
-1.88304 -9.8703 -0.484763 111 
-2.01045 -10.5602 -0.364305 106 
-1.9482 -10.2137 -0.209812 104 
-1.83246 -9.61885 -0.056224 59 
-1.65909 -8.69892 0.0707858 109 
-1.63895 -8.61125 0.195247 72 
-1.75355 -9.20028 0.338029 114 
-1.78787 -9.38302 0.482204 82 
-1.68866 -8.8741 0.580993 96 
-1.67408 -8.80253 0.705032 63 
-1.84488 -9.70797 0.91513 96 
-2.0158 -10.6206 1.15794 38 
-1.13942 -6.15795 -2.08361 72 
-1.21265 -6.53523 -2.10453 57 
-0.27496 -1.4765 -0.450528 15 
-0.272499 -1.45989 -0.42237 14 
-0.2778 -1.48484 -0.405187 16 
-0.277289 -1.47882 -0.380664 22 
-0.275348 -1.46494 -0.353789 14 
-0.279686 -1.48502 -0.335839 13 
-0.283156 -1.50114 -0.316214 11 
-1.81455 -9.60318 -1.87846 104 
-1.84739 -9.76395 -1.76095 51 
-1.88341 -9.94198 -1.64722 52 
-1.91609 -10.1 -1.5206 101 
-1.9305 -10.1663 -1.38328 75 
-1.93346 -10.1606 -1.23167 69 
-1.93658 -10.1925 -1.09043 59 
-1.74936 -9.18874 -0.846483 109 
-1.46257 -7.67503 -0.598033 72 
-2.03722 -10.6825 -0.675617 120 
-2.053 -10.7612 -0.528517 114 
-2.01045 -10.5602 -0.364305 106 
-1.9482 -10.2137 -0.209812 104 
-1.63895 -8.61125 0.195247 72 
-1.75355 -9.20028 0.338029 114 
-1.9434 -10.1993 0.524152 95 
-1.68866 -8.8741 0.580993 96 
-1.67408 -8.80253 0.705032 63 
-1.84488 -9.70797 0.91513 96 
-2.0158 -10.6206 1.15794 38 
-1.22009 -6.11538 -2.07477 53 
-1.30602 -6.52888 -2.10815 54 
-0.297056 -1.48003 -0.452827 21 
-0.29665 -1.4748 -0.427842 15 
-0.295451 -1.46567 -0.401042 18 
-0.296374 -1.4672 -0.378702 19 
-0.296547 -1.46476 -0.354713 18 
-0.301945 -1.48863 -0.337574 14 
-0.307207 -1.5124 -0.319457 11 
-0.32187 -1.58204 -0.310308 12 
-1.99848 -9.81053 -1.77421 51 
-2.02678 -9.93792 -1.65108 45 
-2.06326 -10.1033 -1.52529 101 
-2.054 -10.049 -1.37109 96 
-2.10064 -10.2571 -1.2468 88 
-2.13131 -10.4217 -1.11803 96 
-1.93026 -9.42099 -0.870277 99 
-1.57359 -7.6734 -0.599559 34 
-1.57944 -7.69646 -0.488111 34 
-2.23439 -10.8841 -0.536034 101 
-2.04135 -9.96319 -0.344661 106 
-2.08016 -10.1346 -0.208763 112 
-1.80752 -8.81647 -0.0516765 104 
-1.81014 -8.81988 0.0719688 109 
-1.69241 -8.26236 0.187854 73 
-1.66819 -8.13328 0.299653 99 
-1.69321 -8.25745 0.425533 101 
-1.78436 -8.71278 0.572008 84 
-1.94715 -9.51275 0.76402 68 
-1.92597 -9.41592 0.890047 20 
-2.15036 -10.5251 1.1507 32 
-1.22009 -6.11538 -2.07477 53 
-1.30602 -6.52888 -2.10815 54 
-0.297056 -1.48003 -0.452827 21 
-0.29665 -1.4748 -0.427842 15 
-0.295451 -1.46567 -0.401042 18 
-0.296374 -1.4672 -0.378702 19 
-0.296547 -1.46476 -0.354713 18 
-0.301945 -1.48863 -0.337574 14 
-0.307207 -1.5124 -0.319457 11 
-1.94062 -9.53842 -1.87091 106 
-1.99848 -9.81053 -1.77421 51 
-2.02678 -9.93792 -1.65108 45 
-2.06326 -10.1033 -1.52529 101 
-2.054 -10.049 -1.37109 96 
-2.10064 -10.2571 -1.2468 88 
-2.13131 -10.4217 -1.11803 96 
-1.93026 -9.42099 -0.870277 99 
-1.57359 -7.6734 -0.599559 34 
-2.21748 -10.8055 -0.68529 59 
-2.23439 -10.8841 -0.536034 101 
-2.23313 -10.8992 -0.37704 109 
-1.80752 -8.81647 -0.0516765 104 
-1.69241 -8.26236 0.187854 73 
-1.66819 -8.13328 0.299653 99 
-1.69321 -8.25745 0.425533 101 
-1.78436 -8.71278 0.572008 84 
-1.94715 -9.51275 0.76402 68 
-1.92597 -9.41592 0.890047 20 
-2.15036 -10.5251 1.1507 32 
-1.30853 -6.1126 -2.07982 67 
-1.41146 -6.57712 -2.12988 46 
-0.322529 -1.49821 -0.459723 22 
-0.317212 -1.47052 -0.427842 18 
-0.317519 -1.46895 -0.403115 19 
-0.317651 -1.46671 -0.379683 16 
-0.326049 -1.50232 -0.364874 15 
-0.32353 -1.48808 -0.338442 14 
-0.330793 -1.51944 -0.321889 11 
-0.342254 -1.56971 -0.308798 14 
-2.13946 -9.80091 -1.7777 63 
-2.18303 -9.98965 -1.66458 48 
-2.21258 -10.1121 -1.53114 101 
-2.22124 -10.1433 -1.38805 101 
-2.2462 -10.2384 -1.24822 107 
-2.24937 -10.2666 -1.10465 101 
-2.06332 -9.4009 -0.870998 104 
-1.68742 -7.68185 -0.602001 37 
-1.68846 -7.68146 -0.488607 60 
-2.17335 -9.88411 -0.488233 111 
-2.1734 -9.90248 -0.343577 104 
-2.30303 -10.4756 -0.216429 109 
-2.15695 -9.82178 -0.0577398 68 
-1.95458 -8.89141 0.0727681 56 
-1.78704 -8.14418 0.185716 90 
-1.96086 -8.92519 0.329806 104 
-1.94203 -8.84171 0.456994 84 
-1.89557 -8.64023 0.568927 79 
-2.05074 -9.35221 0.753351 88 
-2.12716 -9.70714 0.920294 55 
-2.08449 -9.52276 1.04419 101 
-2.29828 -10.4924 1.30344 14 
-1.30853 -6.1126 -2.07982 67 
-1.41146 -6.57712 -2.12988 46 
-1.47799 -6.86554 -2.10668 117 
-0.317212 -1.47052 -0.427842 18 
-0.317519 -1.46895 -0.403115 19 
-0.317651 -1.46671 -0.379683 16 
-0.326049 -1.50232 -0.364874 15 
-0.32353 -1.48808 -0.338442 14 
-0.330793 -1.51944 -0.321889 11 
-2.08281 -9.55261 -1.87921 111 
-2.13946 -9.80091 -1.7777 63 
-2.18303 -9.98965 -1.66458 48 
-2.21258 -10.1121 -1.53114 101 
-2.22124 -10.1433 -1.38805 101 
-2.2462 -10.2384 -1.24822 107 
-2.24937 -10.2666 -1.10465 101 
-2.30329 -10.4943 -0.972302 109 
-1.68742 -7.68185 -0.602001 37 
-2.33728 -10.6332 -0.676361 99 
-2.17335 -9.88411 -0.488233 111 
-2.44165 -11.1247 -0.385982 107 
-2.30303 -10.4756 -0.216429 109 
-2.15695 -9.82178 -0.0577398 68 
-2.32299 -10.5673 0.086484 75 
-1.95417 -8.90586 0.203086 99 
-1.96086 -8.92519 0.329806 104 
-1.94203 -8.84171 0.456994 84 
-1.89557 -8.64023 0.568927 79 
-2.05074 -9.35221 0.753351 88 
-2.12716 -9.70714 0.920294 55 
-2.08449 -9.52276 1.04419 101 
-2.29828 -10.4924 1.30344 14 
-1.38867 -6.07153 -2.07224 85 
-0.342558 -1.48983 -0.458573 24 
-0.341168 -1.48094 -0.432218 14 
-0.340604 -1.47567 -0.406224 16 
-0.342467 -1.48102 -0.384588 18 
-0.344357 -1.48624 -0.362103 20 
-0.346923 -1.49483 -0.341046 17 
-0.351089 -1.51086 -0.321079 12 
-0.363247 -1.56096 -0.308043 12 
-2.27609 -9.77008 -1.7777 55 
-2.32589 -9.97358 -1.66715 45 
-2.35445 -10.0841 -1.53172 101 
-2.36986 -10.1422 -1.39229 82 
-2.39255 -10.2215 -1.25011 101 
-2.39249 -10.2342 -1.10465 49 
-2.17711 -9.29748 -0.864148 79 
-1.80179 -7.6886 -0.604444 34 
-1.79919 -7.67268 -0.489599 15 
-2.31023 -9.84891 -0.48804 104 
-2.33788 -9.98405 -0.347506 101 
-2.62622 -11.1978 -0.232084 114 
-2.40427 -10.2619 -0.0605189 75 
-2.08492 -8.89051 0.0729919 63 
-2.12026 -9.05682 0.207183 89 
-1.89464 -8.08353 0.299653 98 
-1.97506 -8.42866 0.437029 60 
-1.99965 -8.54296 0.564305 48 
-2.11026 -9.0198 0.728878 57 
-2.21714 -9.48258 0.901851 47 
-2.32489 -9.95362 1.09489 41 
-2.45902 -10.5212 1.31115 14 
-1.38867 -6.07153 -2.07224 85 
-1.58744 -6.90398 -2.12507 119 
-0.341168 -1.48094 -0.432218 14 
-0.340604 -1.47567 -0.406224 16 
-0.342467 -1.48102 -0.384588 18 
-0.344357 -1.48624 -0.362103 20 
-0.346923 -1.49483 -0.341046 17 
-0.351089 -1.51086 -0.321079 12 
-2.25605 -9.69476 -1.91319 106 
-2.27609 -9.77008 -1.7777 55 
-2.32589 -9.97358 -1.66715 45 
-2.35445 -10.0841 -1.53172 101 
-2.36986 -10.1422 -1.39229 82 
-2.39255 -10.2215 -1.25011 101 
-2.39249 -10.2342 -1.10465 49 
-2.43052 -10.3797 -0.964731 96 
-1.80179 -7.6886 -0.604444 34 
-2.56207 -10.926 -0.697195 33 
-2.31023 -9.84891 -0.48804 104 
-2.33788 -9.98405 -0.347506 101 
-2.62622 -11.1978 -0.232084 114 
-2.08492 -8.89051 0.0729919 63 
-2.12026 -9.05682 0.207183 89 
-2.11995 -9.04483 0.335288 104 
-1.97506 -8.42866 0.437029 60 
-2.1634 -9.24257 0.610518 55 
-2.11026 -9.0198 0.728878 57 
-2.21714 -9.48258 0.901851 47 
-2.32489 -9.95362 1.09489 41 
-2.45902 -10.5212 1.31115 14 
-0.367878 -1.50351 -0.46432 20 
-0.365476 -1.49098 -0.436595 14 
-0.361175 -1.47077 -0.406224 19 
-0.360333 -1.4648 -0.381645 18 
-0.364144 -1.47751 -0.361179 25 
-0.367761 -1.48984 -0.341046 18 
-0.37121 -1.50201 -0.320268 12 
-0.38595 -1.55955 -0.308798 13 
-2.4227 -9.77941 -1.78538 82 
-2.45256 -9.89032 -1.65879 48 
-2.49883 -10.0656 -1.53407 98 
-2.48925 -10.0196 -1.3801 106 
-2.53504 -10.1871 -1.25011 109 
-2.53131 -10.1843 -1.10298 106 
-2.6214 -10.5303 -0.982036 63 
-1.91475 -7.68592 -0.606275 25 
-1.92063 -7.70492 -0.49332 37 
-2.43495 -9.7653 -0.485534 96 
-2.34958 -9.43836 -0.329622 84 
-2.48144 -9.95325 -0.206988 99 
-2.46418 -9.89357 -0.0585437 104 
-2.40719 -9.65616 0.0795461 59 
-2.32667 -9.34843 0.214576 41 
-2.29822 -9.22381 0.343079 24 
-2.00371 -8.04363 0.418475 85 
-2.2238 -8.93644 0.59229 68 
-2.28893 -9.20229 0.746135 51 
-2.36662 -9.52028 0.90849 63 
-2.3649 -9.52261 1.05101 82 
-1.68732 -6.89603 -2.12966 114 
-0.365476 -1.49098 -0.436595 14 
-0.361175 -1.47077 -0.406224 19 
-0.360333 -1.4648 -0.381645 18 
-0.364144 -1.47751 -0.361179 25 
-0.367761 -1.48984 -0.341046 18 
-0.37121 -1.50201 -0.320268 12 
-2.38364 -9.63181 -1.90715 111 
-2.4227 -9.77941 -1.78538 82 
-2.45256 -9.89032 -1.65879 48 
-2.49883 -10.0656 -1.53407 98 
-2.48925 -10.0196 -1.3801 106 
-2.53504 -10.1871 -1.25011 109 
-2.53131 -10.1843 -1.10298 106 
-2.6214 -10.5303 -0.982036 63 
-1.91475 -7.68592 -0.606275 25 
-2.71147 -10.8775 -0.696451 63 
-2.77907 -11.1454 -0.554153 103 
-2.7629 -11.0987 -0.387608 98 
-2.48144 -9.95325 -0.206988 99 
-2.79093 -11.2055 -0.0663066 109 
-2.40719 -9.65616 0.0795461 59 
-2.6396 -10.6057 0.243435 49 
-2.29822 -9.22381 0.343079 24 
-2.24706 -9.0205 0.469297 98 
-2.2238 -8.93644 0.59229 68 
-2.28893 -9.20229 0.746135 51 
-2.36662 -9.52028 0.90849 63 
-2.3649 -9.52261 1.05101 82 
-0.39076 -1.50564 -0.466618 18 
-0.385289 -1.48201 -0.435501 16 
-0.383622 -1.47306 -0.408296 18 
-0.38075 -1.45963 -0.381645 18 
-0.384738 -1.47228 -0.361179 23 
-0.390503 -1.49212 -0.342781 14 
-0.396116 -1.51184 -0.323511 12 
-0.405693 -1.54641 -0.307288 9 
-2.57401 -9.80177 -1.79585 17 
-2.59743 -9.88184 -1.66329 63 
-2.62704 -9.98383 -1.52704 99 
-2.63294 -9.99918 -1.38222 75 
-2.62739 -9.96257 -1.22694 96 
-2.68846 -10.2057 -1.10925 99 
-2.75089 -10.4272 -0.975907 59 
-2.02697 -7.67771 -0.607802 19 
-2.02904 -7.68121 -0.493568 45 
-2.46286 -9.3209 -0.465103 59 
-2.85029 -10.8039 -0.378666 59 
-2.64162 -9.99883 -0.208682 59 
-2.61433 -9.90461 -0.0588193 104 
-2.52135 -9.54426 0.0789067 63 
-2.45799 -9.3189 0.214665 96 
-2.40127 -9.0942 0.339472 52 
-2.36565 -8.96121 0.467885 25 
-2.32393 -8.81188 0.586128 52 
-2.33689 -8.86482 0.721347 40 
-2.39784 -9.10115 0.871605 40 
-2.73251 -10.381 1.14985 32 
-1.77959 -6.85696 -2.12507 109 
-0.385289 -1.48201 -0.435501 16 
-0.383622 -1.47306 -0.408296 18 
-0.38075 -1.45963 -0.381645 18 
-0.384738 -1.47228 -0.361179 23 
-0.390503 -1.49212 -0.342781 14 
-0.396116 -1.51184 -0.323511 12 
-2.52885 -9.63939 -1.91546 98 
-2.57401 -9.80177 -1.79585 17 
-2.59743 -9.88184 -1.66329 63 
-2.62704 -9.98383 -1.52704 99 
-2.63294 -9.99918 -1.38222 75 
-2.62739 -9.96257 -1.22694 96 
-2.68846 -10.2057 -1.10925 99 
-2.75089 -10.4272 -0.975907 59 
-2.02697 -7.67771 -0.607802 19 
-2.84677 -10.7769 -0.692483 87 
-2.46286 -9.3209 -0.465103 59 
-2.85029 -10.8039 -0.378666 59 
-2.83571 -10.7335 -0.224015 63 
-2.61433 -9.90461 -0.0588193 104 
-2.97597 -11.2652 0.0931342 87 
-2.89655 -10.9816 0.252966 103 
-2.84825 -10.787 0.402663 63 
-2.60833 -9.8805 0.515883 32 
-2.64152 -10.0161 0.66623 63 
-2.59203 -9.83266 0.800103 47 
-2.72053 -10.3259 0.988901 51 
-2.73251 -10.381 1.14985 32 
-0.405659 -1.47787 -0.459723 14 
-0.409004 -1.48762 -0.438784 11 
-0.404151 -1.46756 -0.408296 19 
-0.406248 -1.47286 -0.38655 17 
-0.408366 -1.47802 -0.36395 24 
-0.409216 -1.47899 -0.341046 16 
-0.419277 -1.51371 -0.325133 10 
-0.425145 -1.53302 -0.305778 11 
-2.71799 -9.79144 -1.80074 96 
-2.72881 -9.82178 -1.65943 45 
-2.7789 -9.99193 -1.53407 99 
-2.81588 -10.1181 -1.40395 104 
-2.85368 -10.2387 -1.26572 104 
-2.8435 -10.2132 -1.11427 59 
-2.84807 -10.2151 -0.959684 71 
-2.1479 -7.69861 -0.61177 19 
-2.14038 -7.66751 -0.49456 14 
-2.6293 -9.41644 -0.471656 112 
-2.57462 -9.2343 -0.324881 99 
-2.81216 -10.0727 -0.211022 117 
-2.6825 -9.61671 -0.0573264 95 
-2.75116 -9.85486 0.0817841 59 
-2.8198 -10.1157 0.233905 43 
-2.50974 -8.99433 0.337019 15 
-2.46692 -8.84265 0.463448 57 
-2.43816 -8.74781 0.584074 45 
-2.41977 -8.68535 0.709424 57 
-2.59306 -9.31235 0.895211 20 
-2.9145 -10.4759 1.16476 13 
-1.87313 -6.82406 -2.12277 101 
-0.409004 -1.48762 -0.438784 11 
-0.404151 -1.46756 -0.408296 19 
-0.406248 -1.47286 -0.38655 17 
-0.408366 -1.47802 -0.36395 24 
-0.409216 -1.47899 -0.341046 16 
-0.419277 -1.51371 -0.325133 10 
-0.425145 -1.53302 -0.305778 11 
-2.71799 -9.79144 -1.80074 96 
-2.72881 -9.82178 -1.65943 45 
-2.7789 -9.99193 -1.53407 99 
-2.81588 -10.1181 -1.40395 104 
-2.85368 -10.2387 -1.26572 104 
-2.8435 -10.2132 -1.11427 59 
-2.84807 -10.2151 -0.959684 71 
-2.1479 -7.69861 -0.61177 19 
-2.98837 -10.7053 -0.690499 24 
-2.6293 -9.41644 -0.471656 112 
-2.98797 -10.7169 -0.37704 106 
-2.81216 -10.0727 -0.211022 117 
-2.6825 -9.61671 -0.0573264 95 
-2.75116 -9.85486 0.0817841 59 
-2.8198 -10.1157 0.233905 43 
-2.50974 -8.99433 0.337019 15 
-2.46692 -8.84265 0.463448 57 
-2.43816 -8.74781 0.584074 45 
-2.41977 -8.68535 0.709424 57 
-2.59306 -9.31235 0.895211 20 
-2.9145 -10.4759 1.16476 13 
-0.421991 -1.45734 -0.455125 12 
-0.435093 -1.50024 -0.444255 12 
-0.428913 -1.47661 -0.412441 15 
-0.430022 -1.47822 -0.389494 22 
-0.428962 -1.47218 -0.36395 27 
-0.429826 -1.47313 -0.341046 15 
-0.441469 -1.51147 -0.325943 11 
-0.448713 -1.53448 -0.307288 9 
-2.87435 -9.82058 -1.8133 43 
-2.88566 -9.85093 -1.671 45 
-2.95154 -10.0661 -1.55162 52 
-2.96469 -10.1044 -1.40766 63 
-3.02771 -10.3045 -1.27897 101 
-3.03848 -10.3519 -1.13392 75 
-3.09713 -10.5374 -0.993933 63 
-2.26418 -7.69848 -0.614212 38 
-2.26751 -7.70582 -0.499024 22 
-2.73344 -9.28682 -0.46703 103 
-2.80363 -9.53881 -0.336938 112 
-2.90284 -9.86363 -0.207472 114 
-2.98898 -10.157 0.0846296 52 
-2.95851 -10.0677 0.233727 36 
-2.62621 -8.92999 0.469902 99 
-2.59157 -8.82016 0.591263 79 
-2.64306 -8.99889 0.737977 79 
-2.72507 -9.28288 0.895949 59 
-2.69555 -9.19005 1.02587 25 
-1.97142 -6.80828 -2.12622 95 
-0.435093 -1.50024 -0.444255 12 
-0.428913 -1.47661 -0.412441 15 
-0.430022 -1.47822 -0.389494 22 
-0.428962 -1.47218 -0.36395 27 
-0.429826 -1.47313 -0.341046 15 
-0.441469 -1.51147 -0.325943 11 
-0.448713 -1.53448 -0.307288 9 
-2.87435 -9.82058 -1.8133 43 
-2.88566 -9.85093 -1.671 45 
-2.95154 -10.0661 -1.55162 52 
-2.96469 -10.1044 -1.40766 63 
-3.02771 -10.3045 -1.27897 101 
-3.03848 -10.3519 -1.13392 75 
-3.09713 -10.5374 -0.993933 63 
-2.26418 -7.69848 -0.614212 38 
-2.26751 -7.70582 -0.499024 22 
-2.73344 -9.28682 -0.46703 103 
-3.02458 -10.2906 -0.363492 115 
-2.90284 -9.86363 -0.207472 114 
-2.98898 -10.157 0.0846296 52 
-2.95851 -10.0677 0.233727 36 
-2.62621 -8.92999 0.469902 99 
-2.59157 -8.82016 0.591263 79 
-2.64306 -8.99889 0.737977 79 
-2.72507 -9.28288 0.895949 59 
-2.69555 -9.19005 1.02587 25 
-2.07746 -6.81674 -2.13771 73 
-0.458243 -1.50137 -0.446443 15 
-0.452876 -1.48157 -0.41555 16 
-0.452889 -1.47948 -0.391456 19 
-0.451757 -1.47349 -0.365797 31 
-0.457228 -1.48939 -0.346252 15 
-0.461379 -1.50141 -0.325133 10 
-0.477024 -1.55059 -0.311818 12 
-3.03089 -9.84348 -1.82517 69 
-3.04036 -9.86627 -1.68064 48 
-3.12795 -10.1411 -1.56977 48 
-3.16862 -10.2666 -1.43628 52 
-3.1924 -10.3295 -1.28748 95 
-3.23083 -10.4643 -1.15106 95 
-3.23572 -10.4665 -0.991409 99 
-2.38677 -7.71565 -0.618181 54 
-2.38432 -7.70392 -0.501008 67 
-3.26951 -10.5758 -0.375144 87 
-3.04028 -9.82213 -0.207472 59 
-3.07171 -9.93166 -0.0596921 43 
-3.02525 -9.7742 0.0817841 40 
-3.10705 -10.0522 0.23435 40 
-3.14624 -10.1695 0.384196 14 
-2.73292 -8.8352 0.466877 15 
-2.63785 -8.53522 0.574575 49 
-3.04976 -9.8717 0.812967 32 
-2.98485 -9.66636 0.936892 69 
-2.07746 -6.81674 -2.13771 73 
-0.458243 -1.50137 -0.446443 15 
-0.452876 -1.48157 -0.41555 16 
-0.452889 -1.47948 -0.391456 19 
-0.451757 -1.47349 -0.365797 31 
-0.457228 -1.48939 -0.346252 15 
-0.461379 -1.50141 -0.325133 10 
-0.477024 -1.55059 -0.311818 12 
-3.03089 -9.84348 -1.82517 69 
-3.04036 -9.86627 -1.68064 48 
-3.12795 -10.1411 -1.56977 48 
-3.16862 -10.2666 -1.43628 52 
-3.1924 -10.3295 -1.28748 95 
-3.23083 -10.4643 -1.15106 95 
-3.23572 -10.4665 -0.991409 99 
-3.26015 -10.539 -0.844389 95 
-2.38432 -7.70392 -0.501008 67 
-3.26951 -10.5758 -0.375144 87 
-3.04028 -9.82213 -0.207472 59 
-3.07171 -9.93166 -0.0596921 43 
-3.02525 -9.7742 0.0817841 40 
-3.10705 -10.0522 0.23435 40 
-3.14624 -10.1695 0.384196 14 
-2.73292 -8.8352 0.466877 15 
-2.63785 -8.53522 0.574575 49 
-2.98485 -9.66636 0.936892 69 
-2.17243 -6.78707 -2.13771 53 
-0.477986 -1.49117 -0.445349 14 
-0.474699 -1.47878 -0.416587 15 
-0.473502 -1.47302 -0.391456 16 
-0.474671 -1.47445 -0.367645 23 
-0.47678 -1.47914 -0.345385 13 
-0.487108 -1.50973 -0.328376 11 
-0.488969 -1.51387 -0.305778 12 
-3.17893 -9.83393 -1.83145 32 
-3.23372 -9.99565 -1.71021 48 
-3.28143 -10.1341 -1.57562 52 
-3.30066 -10.1874 -1.43151 52 
-3.34489 -10.3104 -1.29079 96 
-3.3619 -10.3727 -1.14604 75 
-3.37785 -10.4089 -0.990328 79 
-2.49796 -7.69295 -0.619097 45 
-2.50399 -7.70785 -0.503489 35 
-3.38678 -10.4228 -0.52871 69 
-3.26261 -10.0538 -0.358209 95 
-3.42921 -10.5546 -0.223934 99 
-3.16808 -9.75845 -0.0589112 56 
-3.35447 -10.3387 0.242099 12 
-2.7777 -8.5621 0.578939 36 
-2.78873 -8.59917 0.711307 22 
-2.17243 -6.78707 -2.13771 53 
-0.477986 -1.49117 -0.445349 14 
-0.474699 -1.47878 -0.416587 15 
-0.473502 -1.47302 -0.391456 16 
-0.474671 -1.47445 -0.367645 23 
-0.47678 -1.47914 -0.345385 13 
-0.487108 -1.50973 -0.328376 11 
-0.488969 -1.51387 -0.305778 12 
-3.17893 -9.83393 -1.83145 32 
-3.23372 -9.99565 -1.71021 48 
-3.28143 -10.1341 -1.57562 52 
-3.30066 -10.1874 -1.43151 52 
-3.34489 -10.3104 -1.29079 96 
-3.3619 -10.3727 -1.14604 75 
-3.37785 -10.4089 -0.990328 79 
-3.3922 -10.4469 -0.840726 71 
-2.50399 -7.70785 -0.503489 35 
-3.38678 -10.4228 -0.52871 69 
-3.26261 -10.0538 -0.358209 95 
-3.42921 -10.5546 -0.223934 99 
-3.16808 -9.75845 -0.0589112 56 
-3.35447 -10.3387 0.242099 12 
-2.7777 -8.5621 0.578939 36 
-2.78873 -8.59917 0.711307 22 
-0.503662 -1.49894 -0.449726 13 
-0.497764 -1.47933 -0.418659 14 
-0.501451 -1.48831 -0.397342 20 
-0.4977 -1.47505 -0.369492 15 
-0.501135 -1.48344 -0.347988 13 
-0.506885 -1.49907 -0.327565 13 
-0.517614 -1.52922 -0.310308 13 
-3.3412 -9.8632 -1.84541 59 
-3.39071 -10.0019 -1.7192 48 
-3.43405 -10.121 -1.58089 95 
-3.47061 -10.2229 -1.44317 48 
-3.52431 -10.368 -1.30403 63 
-3.57292 -10.5207 -1.16778 98 
-3.56132 -10.4739 -1.00114 79 
-2.61926 -7.69886 -0.622455 45 
-2.62037 -7.69859 -0.505225 16 
-3.60022 -10.575 -0.538926 63 
-3.60857 -10.6128 -0.379885 101 
-3.59171 -10.5512 -0.224902 107 
-3.71879 -10.9326 -0.0663066 13 
-2.39576 -7.12997 -2.13921 95 
-0.497764 -1.47933 -0.418659 14 
-0.501451 -1.48831 -0.397342 20 
-0.4977 -1.47505 -0.369492 15 
-0.501135 -1.48344 -0.347988 13 
-0.506885 -1.49907 -0.327565 13 
-0.517614 -1.52922 -0.310308 13 
-3.3412 -9.8632 -1.84541 59 
-3.39071 -10.0019 -1.7192 48 
-3.43405 -10.121 -1.58089 95 
-3.47061 -10.2229 -1.44317 48 
-3.52431 -10.368 -1.30403 63 
-3.57292 -10.5207 -1.16778 98 
-3.56132 -10.4739 -1.00114 79 
-3.58269 -10.5307 -0.851411 73 
-2.62037 -7.69859 -0.505225 16 
-3.60022 -10.575 -0.538926 63 
-3.60857 -10.6128 -0.379885 101 
-3.59171 -10.5512 -0.224902 107 
-3.71879 -10.9326 -0.0663066 13 
-0.525817 -1.49539 -0.45082 15 
-0.520936 -1.47952 -0.420732 14 
-0.523472 -1.48482 -0.398323 15 
-0.519542 -1.47163 -0.370416 15 
-0.524401 -1.48366 -0.349724 12 
-0.530378 -1.49924 -0.329187 14 
-0.541538 -1.52925 -0.311818 14 
-3.49569 -9.86385 -1.85448 55 
-3.54982 -10.0094 -1.72884 45 
-3.59223 -10.1205 -1.5885 96 
-3.62097 -10.1959 -1.44635 98 
-3.66074 -10.2953 -1.3012 82 
-3.75009 -10.556 -1.1774 88 
-3.79933 -10.6821 -1.02602 95 
-2.75591 -7.7442 -0.629171 45 
-2.74367 -7.70639 -0.508201 15 
-3.86413 -10.8511 -0.555695 59 
-3.86089 -10.8552 -0.390453 71 
-3.76014 -10.5603 -0.226193 101 
-3.82415 -10.7477 -0.0655028 16 
-2.49125 -7.08494 -2.13592 101 
-0.520936 -1.47952 -0.420732 14 
-0.523472 -1.48482 -0.398323 15 
-0.519542 -1.47163 -0.370416 15 
-0.524401 -1.48366 -0.349724 12 
-0.530378 -1.49924 -0.329187 14 
-0.541538 -1.52925 -0.311818 14 
-3.49569 -9.86385 -1.85448 55 
-3.54982 -10.0094 -1.72884 45 
-3.59223 -10.1205 -1.5885 96 
-3.62097 -10.1959 -1.44635 98 
-3.66074 -10.2953 -1.3012 82 
-3.75009 -10.556 -1.1774 88 
-3.79933 -10.6821 -1.02602 95 
-3.75211 -10.5435 -0.856601 79 
-2.74367 -7.70639 -0.508201 15 
-3.86413 -10.8511 -0.555695 59 
-3.86089 -10.8552 -0.390453 71 
-3.76014 -10.5603 -0.226193 101 
-3.82415 -10.7477 -0.0655028 16 
-0.547971 -1.49151 -0.451914 13 
-0.546878 -1.48661 -0.424877 14 
-0.546833 -1.48464 -0.400286 16 
-0.545425 -1.47883 -0.374111 9 
-0.54777 -1.48352 -0.351459 12 
-0.553975 -1.49903 -0.330808 15 
-0.562836 -1.52154 -0.311818 15 
-0.556514 -1.50332 -0.28407 2 
-3.7002 -9.98845 -1.73399 48 
-3.73043 -10.062 -1.58733 95 
-3.75884 -10.1332 -1.44476 69 
-3.77786 -10.1725 -1.29221 99 
-3.83899 -10.3459 -1.15984 87 
-3.88845 -10.4675 -1.01052 98 
-2.88183 -7.75357 -0.633139 68 
-2.86213 -7.69727 -0.510185 17 
-3.98702 -10.7328 -0.388014 34 
-4.03267 -10.8441 -0.233456 101 
-4.07276 -10.9595 -0.0671335 23 
-2.57931 -7.02057 -2.12717 90 
-0.546878 -1.48661 -0.424877 14 
-0.546833 -1.48464 -0.400286 16 
-0.545425 -1.47883 -0.374111 9 
-0.54777 -1.48352 -0.351459 12 
-0.553975 -1.49903 -0.330808 15 
-0.562836 -1.52154 -0.311818 15 
-3.64948 -9.8584 -1.86286 51 
-3.7002 -9.98845 -1.73399 48 
-3.73043 -10.062 -1.58733 95 
-3.75884 -10.1332 -1.44476 69 
-3.77786 -10.1725 -1.29221 99 
-3.83899 -10.3459 -1.15984 87 
-3.88845 -10.4675 -1.01052 98 
-3.96982 -10.6808 -0.872169 103 
-2.86213 -7.69727 -0.510185 17 
-3.98702 -10.7328 -0.388014 34 
-4.03267 -10.8441 -0.233456 101 
-4.07276 -10.9595 -0.0671335 23 
-0.568965 -1.48243 -0.425913 14 
-0.57029 -1.4841 -0.402248 15 
-0.574406 -1.49287 -0.379653 8 
-0.565622 -1.46844 -0.349724 9 
-0.580487 -1.50577 -0.334052 7 
-0.582612 -1.50987 -0.311063 10 
-0.574612 -1.48806 -0.282674 9 
-3.83503 -9.92476 -1.73206 82 
-3.87484 -10.02 -1.58908 101 
-3.9071 -10.0982 -1.44741 75 
-4.02712 -10.3965 -1.32768 96 
-3.95148 -10.2097 -1.15064 99 
-4.07596 -10.5199 -1.02097 98 
-3.02153 -7.79438 -0.639856 45 
-2.9852 -7.6975 -0.512913 15 
-4.11647 -10.6123 -0.549141 63 
-4.17982 -10.7879 -0.392079 95 
-4.21261 -10.8613 -0.23507 96 
-4.25285 -10.9724 -0.0675698 20 
-2.67295 -6.9731 -2.12389 60 
-0.568965 -1.48243 -0.425913 14 
-0.57029 -1.4841 -0.402248 15 
-0.574406 -1.49287 -0.379653 8 
-0.565622 -1.46844 -0.349724 9 
-0.580487 -1.50577 -0.334052 7 
-0.582612 -1.50987 -0.311063 10 
-3.80379 -9.85058 -1.87123 103 
-3.83503 -9.92476 -1.73206 82 
-3.87484 -10.02 -1.58908 101 
-3.9071 -10.0982 -1.44741 75 
-4.02712 -10.3965 -1.32768 96 
-3.95148 -10.2097 -1.15064 99 
-4.07596 -10.5199 -1.02097 98 
-4.15315 -10.7136 -0.879496 84 
-2.9852 -7.6975 -0.512913 15 
-4.11647 -10.6123 -0.549141 63 
-4.17982 -10.7879 -0.392079 95 
-4.21261 -10.8613 -0.23507 96 
-4.25285 -10.9724 -0.0675698 20 
-2.76149 -6.91366 -2.11732 54 
-0.598215 -1.49587 -0.432131 15 
-0.590956 -1.476 -0.402248 14 
-0.592297 -1.47748 -0.377806 15 
-0.591887 -1.47489 -0.353195 16 
-0.597074 -1.48662 -0.331619 10 
-0.606566 -1.50888 -0.312573 13 
-0.629142 -1.56393 -0.298727 11 
-3.96438 -9.84828 -1.7282 99 
-4.08385 -10.1374 -1.61659 103 
-4.1233 -10.2302 -1.47444 96 
-4.16743 -10.3282 -1.32626 87 
-4.1695 -10.3417 -1.17197 88 
-4.20306 -10.4139 -1.01628 96 
-4.18884 -10.3735 -0.856295 98 
-3.11332 -7.70689 -0.516386 15 
-4.39147 -10.8687 -0.565525 59 
-4.53052 -11.2253 -0.410233 109 
-4.39231 -10.8719 -0.236603 103 
-2.76149 -6.91366 -2.11732 54 
-0.598215 -1.49587 -0.432131 15 
-0.590956 -1.476 -0.402248 14 
-0.592297 -1.47748 -0.377806 15 
-0.591887 -1.47489 -0.353195 16 
-0.597074 -1.48662 -0.331619 10 
-0.606566 -1.50888 -0.312573 13 
-3.9586 -9.84036 -1.87961 109 
-3.96438 -9.84828 -1.7282 99 
-4.08385 -10.1374 -1.61659 103 
-4.1233 -10.2302 -1.47444 96 
-4.16743 -10.3282 -1.32626 87 
-4.1695 -10.3417 -1.17197 88 
-4.20306 -10.4139 -1.01628 96 
-4.18884 -10.3735 -0.856295 98 
-3.11332 -7.70689 -0.516386 15 
-4.39147 -10.8687 -0.565525 59 
-4.53052 -11.2253 -0.410233 109 
-4.39231 -10.8719 -0.236603 103 
-2.85923 -6.87798 -2.11842 57 
-0.619043 -1.48737 -0.432131 14 
-0.615981 -1.47834 -0.405191 14 
-0.617363 -1.47984 -0.380577 15 
-0.62145 -1.4881 -0.358402 16 
-0.631367 -1.51066 -0.338916 12 
-0.630606 -1.50751 -0.314083 12 
-0.650916 -1.555 -0.298727 12 
-4.17624 -9.9704 -1.75969 101 
-4.26477 -10.1743 -1.63181 59 
-4.29181 -10.2338 -1.48345 52 
-4.35889 -10.3826 -1.34093 71 
-4.36581 -10.4072 -1.18618 95 
-4.36965 -10.4056 -1.02133 95 
-4.43986 -10.5677 -0.877359 99 
-3.24073 -7.71052 -0.51961 19 
-3.36142 -7.9961 -0.418458 38 
-4.49408 -10.6915 -0.234021 99 
-4.48785 -10.6835 -0.0665363 63 
-4.47917 -10.6566 0.0923988 16 
-2.85923 -6.87798 -2.11842 57 
-0.619043 -1.48737 -0.432131 14 
-0.615981 -1.47834 -0.405191 14 
-0.617363 -1.47984 -0.380577 15 
-0.62145 -1.4881 -0.358402 16 
-0.631367 -1.51066 -0.338916 12 
-0.630606 -1.50751 -0.314083 12 
-4.09256 -9.77686 -1.87821 112 
-4.17624 -9.9704 -1.75969 101 
-4.26477 -10.1743 -1.63181 59 
-4.29181 -10.2338 -1.48345 52 
-4.35889 -10.3826 -1.34093 71 
-4.36581 -10.4072 -1.18618 95 
-4.36965 -10.4056 -1.02133 95 
-4.43986 -10.5677 -0.877359 99 
-3.24073 -7.71052 -0.51961 19 
-4.59698 -10.9352 -0.572271 59 
-4.82572 -11.4805 -0.25129 103 
-4.89992 -11.6644 -0.0726456 73 
-4.47917 -10.6566 0.0923988 16 
-0.644352 -1.48922 -0.43524 14 
-0.644268 -1.48739 -0.410096 13 
-0.644159 -1.48536 -0.384272 14 
-0.642167 -1.47928 -0.358402 14 
-0.650836 -1.49811 -0.338106 9 
-0.660991 -1.52017 -0.318613 12 
-0.677278 -1.55659 -0.300821 11 
-4.34183 -9.97266 -1.77062 55 
-4.46014 -10.2371 -1.65171 52 
-4.48972 -10.3001 -1.502 55 
-4.53679 -10.3971 -1.35086 99 
-4.51864 -10.3635 -1.18827 99 
-4.52247 -10.3619 -1.02313 87 
-4.67476 -10.7057 -0.894149 106 
-3.36565 -7.70476 -0.522338 19 
-3.38795 -7.75435 -0.408242 34 
-4.78621 -10.9662 -0.405491 56 
-4.63652 -10.6131 -0.233698 95 
-4.63017 -10.6051 -0.0664444 20 
-0.644352 -1.48922 -0.43524 14 
-0.644268 -1.48739 -0.410096 13 
-0.644159 -1.48536 -0.384272 14 
-0.642167 -1.47928 -0.358402 14 
-0.650836 -1.49811 -0.338106 9 
-0.660991 -1.52017 -0.318613 12 
-4.26324 -9.79822 -1.89357 109 
-4.34183 -9.97266 -1.77062 55 
-4.46014 -10.2371 -1.65171 52 
-4.48972 -10.3001 -1.502 55 
-4.53679 -10.3971 -1.35086 99 
-4.51864 -10.3635 -1.18827 99 
-4.52247 -10.3619 -1.02313 87 
-4.67476 -10.7057 -0.894149 106 
-3.36565 -7.70476 -0.522338 19 
-4.59405 -10.5149 -0.553574 55 
-4.78621 -10.9662 -0.405491 56 
-4.89268 -11.1994 -0.24661 96 
-4.63017 -10.6051 -0.0664444 20 
-0.672999 -1.4977 -0.440421 15 
-0.666563 -1.48178 -0.411078 12 
-0.664835 -1.47622 -0.384272 14 
-0.673992 -1.49509 -0.364476 13 
-0.679744 -1.50672 -0.34216 11 
-0.680535 -1.50721 -0.317858 14 
-0.697324 -1.54339 -0.300123 9 
-4.50504 -9.96502 -1.78026 101 
-4.64015 -10.2567 -1.66517 71 
-4.64944 -10.2725 -1.5073 69 
-4.74708 -10.4775 -1.36978 109 
-4.76208 -10.5082 -1.04404 96 
-4.7612 -10.5013 -0.882549 96 
-3.48114 -7.6752 -0.523578 48 
-3.45298 -7.61169 -0.40323 67 
-4.67814 -10.3229 -0.384085 99 
-5.14604 -11.3449 -0.251371 55 
-5.13617 -11.33 -0.0714284 30 
-0.672999 -1.4977 -0.440421 15 
-0.666563 -1.48178 -0.411078 12 
-0.664835 -1.47622 -0.384272 14 
-0.673992 -1.49509 -0.364476 13 
-0.679744 -1.50672 -0.34216 11 
-0.680535 -1.50721 -0.317858 14 
-0.697324 -1.54339 -0.300123 9 
-4.50504 -9.96502 -1.78026 101 
-4.64015 -10.2567 -1.66517 71 
-4.64944 -10.2725 -1.5073 69 
-4.74708 -10.4775 -1.36978 109 
-4.76208 -10.5082 -1.04404 96 
-4.7612 -10.5013 -0.882549 96 
-3.48114 -7.6752 -0.523578 48 
-5.15636 -11.3666 -0.602147 106 
-5.13688 -11.3352 -0.421749 104 
-5.14604 -11.3449 -0.251371 55 
-5.13617 -11.33 -0.0714284 30 
-0.70364 -1.50917 -0.446639 15 
-0.692107 -1.48287 -0.414021 13 
-0.695267 -1.48795 -0.389814 13 
-0.696455 -1.48907 -0.365344 14 
-0.699054 -1.49354 -0.341349 10 
-0.704845 -1.50468 -0.319368 12 
-0.717134 -1.52994 -0.299425 11 
-4.68229 -9.98336 -1.79504 101 
-4.80644 -10.2411 -1.67337 52 
-4.87667 -10.386 -1.5338 87 
-4.96218 -10.5576 -1.38917 34 
-4.73353 -10.0784 -1.17029 96 
-5.0168 -10.6714 -1.06712 99 
-5.06522 -10.7695 -0.910939 104 
-3.63556 -7.72699 -0.530523 19 
-4.78889 -10.1764 -0.542588 82 
-4.75718 -10.1191 -0.378937 59 
-5.25797 -11.1742 -0.249192 24 
-5.37216 -11.4237 -0.0724849 59 
-3.28964 -7.05561 -2.08811 107 
-0.692107 -1.48287 -0.414021 13 
-0.695267 -1.48795 -0.389814 13 
-0.696455 -1.48907 -0.365344 14 
-0.699054 -1.49354 -0.341349 10 
-0.704845 -1.50468 -0.319368 12 
-0.717134 -1.52994 -0.299425 11 
-4.68229 -9.98336 -1.79504 101 
-4.80644 -10.2411 -1.67337 52 
-4.87667 -10.386 -1.5338 87 
-4.96218 -10.5576 -1.38917 34 
-4.99735 -10.6401 -1.23552 98 
-5.0168 -10.6714 -1.06712 99 
-5.06522 -10.7695 -0.910939 104 
-3.63556 -7.72699 -0.530523 19 
-5.19037 -11.0296 -0.588076 95 
-5.2045 -11.0706 -0.414568 71 
-5.25797 -11.1742 -0.249192 24 
-5.37216 -11.4237 -0.0724849 59 
-0.731368 -1.51311 -0.450784 13 
-0.716122 -1.48005 -0.415983 12 
-0.715974 -1.4781 -0.389814 13 
-0.723992 -1.49326 -0.368815 12 
-0.723259 -1.49068 -0.34297 8 
-0.727501 -1.49823 -0.320123 11 
-0.738425 -1.51978 -0.299425 12 
-4.86266 -10.0022 -1.81047 96 
-4.95762 -10.1908 -1.67629 71 
-5.05938 -10.3953 -1.54546 52 
-5.15259 -10.5765 -1.401 107 
-5.0984 -10.4728 -1.22423 101 
-5.15659 -10.5824 -1.06531 98 
-5.23956 -10.7479 -0.915213 107 
-3.76234 -7.71495 -0.533251 22 
-3.78677 -7.76367 -0.416723 47 
-5.271 -10.8172 -0.407794 71 
-5.26796 -10.8014 -0.242494 56 
-5.54691 -11.3799 -0.0726916 50 
-5.47557 -11.2276 0.0998483 31 
-3.42314 -7.08204 -2.10988 101 
-0.716122 -1.48005 -0.415983 12 
-0.715974 -1.4781 -0.389814 13 
-0.723992 -1.49326 -0.368815 12 
-0.723259 -1.49068 -0.34297 8 
-0.727501 -1.49823 -0.320123 11 
-0.738425 -1.51978 -0.299425 12 
-4.86266 -10.0022 -1.81047 96 
-4.95762 -10.1908 -1.67629 71 
-5.05938 -10.3953 -1.54546 52 
-5.15259 -10.5765 -1.401 107 
-5.0984 -10.4728 -1.22423 101 
-5.15659 -10.5824 -1.06531 98 
-5.23956 -10.7479 -0.915213 107 
-3.76234 -7.71495 -0.533251 22 
-5.25979 -10.7837 -0.578825 87 
-5.271 -10.8172 -0.407794 71 
-5.26796 -10.8014 -0.242494 56 
-5.54691 -11.3799 -0.0726916 50 
-5.47557 -11.2276 0.0998483 31 
-0.754153 -1.5062 -0.45182 15 
-0.750617 -1.49764 -0.423832 16 
-0.747014 -1.48883 -0.395357 12 
-0.748275 -1.48998 -0.370551 13 
-0.749278 -1.49094 -0.345403 9 
-0.753643 -1.49845 -0.322388 12 
-0.770196 -1.53043 -0.303613 13 
-0.765279 -1.5198 -0.277001 13 
-5.12969 -10.1806 -1.68624 73 
-5.254 -10.4228 -1.5603 48 
-5.28723 -10.4787 -1.39769 98 
-5.25488 -10.4219 -1.22674 99 
-5.40794 -10.7156 -1.08622 95 
-5.4718 -10.8375 -0.929256 96 
-3.89669 -7.71512 -0.536972 17 
-3.92002 -7.75997 -0.419421 56 
-5.37649 -10.6533 -0.404407 84 
-5.45613 -10.8018 -0.244189 59 
-5.62775 -11.1478 -0.071704 114 
-5.49114 -10.8715 0.0973545 103 
-3.52342 -7.03701 -2.11091 106 
-0.750617 -1.49764 -0.423832 16 
-0.747014 -1.48883 -0.395357 12 
-0.748275 -1.48998 -0.370551 13 
-0.749278 -1.49094 -0.345403 9 
-0.753643 -1.49845 -0.322388 12 
-0.770196 -1.53043 -0.303613 13 
-5.01249 -9.95452 -1.81432 114 
-5.12969 -10.1806 -1.68624 73 
-5.254 -10.4228 -1.5603 48 
-5.28723 -10.4787 -1.39769 98 
-5.25488 -10.4219 -1.22674 99 
-5.40794 -10.7156 -1.08622 95 
-5.4718 -10.8375 -0.929256 96 
-3.89669 -7.71512 -0.536972 17 
-5.22609 -10.3454 -0.559164 96 
-5.37649 -10.6533 -0.404407 84 
-5.45613 -10.8018 -0.244189 59 
-5.62775 -11.1478 -0.071704 114 
-5.49114 -10.8715 0.0973545 103 
-0.764443 -1.47495 -0.445603 12 
-0.775026 -1.4939 -0.425794 14 
-0.776697 -1.49552 -0.399976 12 
-0.770806 -1.48285 -0.371419 14 
-0.775444 -1.49076 -0.347835 12 
-0.78356 -1.5052 -0.326163 10 
-0.796947 -1.53001 -0.305707 12 
-0.83569 -1.6035 -0.294353 13 
-5.33903 -10.2378 -1.7079 52 
-5.41551 -10.3801 -1.56507 55 
-5.39441 -10.33 -1.38775 96 
-5.46245 -10.4674 -1.24095 103 
-5.59945 -10.7203 -1.09452 96 
-5.69831 -10.905 -0.941772 84 
-4.02992 -7.7095 -0.540444 22 
-4.04834 -7.74343 -0.421542 50 
-5.36184 -10.2654 -0.392485 99 
-5.61567 -10.7422 -0.244592 107 
-5.59206 -10.703 -0.0693383 40 
-5.67389 -10.8541 0.097898 71 
-0.775026 -1.4939 -0.425794 14 
-0.776697 -1.49552 -0.399976 12 
-0.770806 -1.48285 -0.371419 14 
-0.775444 -1.49076 -0.347835 12 
-0.78356 -1.5052 -0.326163 10 
-0.796947 -1.53001 -0.305707 12 
-5.20573 -9.9886 -1.8336 112 
-5.33903 -10.2378 -1.7079 52 
-5.41551 -10.3801 -1.56507 55 
-5.39441 -10.33 -1.38775 96 
-5.46245 -10.4674 -1.24095 103 
-5.59945 -10.7203 -1.09452 96 
-5.69831 -10.905 -0.941772 84 
-4.02992 -7.7095 -0.540444 22 
-5.33856 -10.2113 -0.555887 87 
-5.36184 -10.2654 -0.392485 99 
-5.61567 -10.7422 -0.244592 107 
-5.59206 -10.703 -0.0693383 40 
-5.67389 -10.8541 0.097898 71 
-0.80681 -1.50343 -0.431681 13 
-0.799344 -1.48796 -0.400899 12 
-0.80253 -1.49258 -0.376625 13 
-0.803607 -1.49358 -0.351078 10 
-0.8045 -1.49412 -0.326163 9 
-0.823836 -1.52913 -0.3078 10 
-0.84301 -1.56387 -0.289212 13 
-5.51339 -10.2215 -1.71785 48 
-5.58628 -10.3523 -1.57249 52 
-5.66458 -10.4878 -1.41944 96 
-5.69876 -10.5581 -1.26102 98 
-5.66716 -10.4904 -1.07901 98 
-5.75709 -10.6524 -0.926814 99 
-4.16755 -7.70867 -0.544412 16 
-4.18267 -7.73536 -0.42424 41 
-5.65665 -10.4709 -0.403323 109 
-5.69283 -10.5291 -0.241526 103 
-5.77708 -10.6907 -0.0697747 111 
-5.72216 -10.5838 0.0961715 103 
-5.61423 -10.3937 0.263121 112 
-5.69642 -10.5393 0.432383 107 
-0.80681 -1.50343 -0.431681 13 
-0.799344 -1.48796 -0.400899 12 
-0.80253 -1.49258 -0.376625 13 
-0.803607 -1.49358 -0.351078 10 
-0.8045 -1.49412 -0.326163 9 
-0.823836 -1.52913 -0.3078 10 
-5.38589 -9.9914 -1.84774 112 
-5.51339 -10.2215 -1.71785 48 
-5.58628 -10.3523 -1.57249 52 
-5.66458 -10.4878 -1.41944 96 
-5.69876 -10.5581 -1.26102 98 
-5.66716 -10.4904 -1.07901 98 
-5.75709 -10.6524 -0.926814 99 
-4.16755 -7.70867 -0.544412 16 
-5.84357 -10.807 -0.592702 71 
-5.65665 -10.4709 -0.403323 109 
-5.69283 -10.5291 -0.241526 103 
-5.77708 -10.6907 -0.0697747 111 
-5.72216 -10.5838 0.0961715 103 
-5.61423 -10.3937 0.263121 112 
-0.840891 -1.51576 -0.438548 16 
-0.829489 -1.49367 -0.405518 12 
-0.827085 -1.48806 -0.378361 12 
-0.830094 -1.49248 -0.353511 9 
-0.832924 -1.49647 -0.329183 8 
-0.850855 -1.5278 -0.309894 11 
-0.874371 -1.56919 -0.292425 13 
-5.68447 -10.1954 -1.72663 99 
-5.78435 -10.3703 -1.58733 103 
-5.87048 -10.5152 -1.43411 101 
-5.80879 -10.4115 -1.25308 84 
-5.94126 -10.6398 -1.10281 79 
-6.07838 -10.8809 -0.953983 95 
-4.31567 -7.72292 -0.549621 38 
-4.33315 -7.75293 -0.428481 36 
-5.74967 -10.2967 -0.399665 45 
-5.84319 -10.4556 -0.241687 112 
-5.996 -10.7347 -0.0706015 98 
-5.78937 -10.3597 0.0948607 109 
-5.83093 -10.4435 0.266416 73 
-5.84497 -10.4622 0.432527 26 
-0.840891 -1.51576 -0.438548 16 
-0.829489 -1.49367 -0.405518 12 
-0.827085 -1.48806 -0.378361 12 
-0.830094 -1.49248 -0.353511 9 
-0.832924 -1.49647 -0.329183 8 
-0.850855 -1.5278 -0.309894 11 
-5.54601 -9.95316 -1.85481 114 
-5.68447 -10.1954 -1.72663 99 
-5.78435 -10.3703 -1.58733 103 
-5.87048 -10.5152 -1.43411 101 
-5.80879 -10.4115 -1.25308 84 
-5.94126 -10.6398 -1.10281 79 
-6.07838 -10.8809 -0.953983 95 
-5.61855 -10.0544 -0.715549 59 
-5.78727 -10.3547 -0.572271 55 
-5.74967 -10.2967 -0.399665 45 
-5.84319 -10.4556 -0.241687 112 
-5.996 -10.7347 -0.0706015 98 
-5.78937 -10.3597 0.0948607 109 
-5.83093 -10.4435 0.266416 73 
-0.865829 -1.5106 -0.44051 18 
-0.856073 -1.49207 -0.408289 13 
-0.859448 -1.49668 -0.383568 14 
-0.860608 -1.49773 -0.357565 9 
-0.863527 -1.50172 -0.332959 6 
-0.876032 -1.5226 -0.31129 14 
-0.894225 -1.55341 -0.291783 13 
-5.87959 -10.2076 -1.74243 84 
-5.95233 -10.3297 -1.59369 79 
-5.98696 -10.3806 -1.42701 106 
-6.00525 -10.419 -1.26395 104 
-6.21265 -10.7697 -1.12516 96 
-5.82702 -10.0972 -0.892318 99 
-4.45701 -7.72069 -0.553837 38 
-4.48093 -7.76087 -0.432335 26 
-5.83095 -10.108 -0.395466 95 
-6.12857 -10.6154 -0.247336 52 
-5.92939 -10.2758 -0.0681211 63 
-5.86946 -10.167 0.0938376 59 
-5.97618 -10.3611 0.266416 84 
-6.20028 -10.7431 0.447676 103 
-6.20385 -10.7506 0.626603 122 
-6.78464 -11.7637 0.873415 71 
-4.09967 -7.15263 -2.0858 107 
-0.856073 -1.49207 -0.408289 13 
-0.859448 -1.49668 -0.383568 14 
-0.860608 -1.49773 -0.357565 9 
-0.863527 -1.50172 -0.332959 6 
-0.876032 -1.5226 -0.31129 14 
-0.894225 -1.55341 -0.291783 13 
-5.87959 -10.2076 -1.74243 84 
-5.95233 -10.3297 -1.59369 79 
-5.98696 -10.3806 -1.42701 106 
-6.00525 -10.419 -1.26395 104 
-6.21265 -10.7697 -1.12516 96 
-6.24565 -10.8226 -0.956425 101 
-5.8482 -10.1306 -0.72671 59 
-4.48093 -7.76087 -0.432335 26 
-6.24445 -10.8249 -0.42351 98 
-6.12857 -10.6154 -0.247336 52 
-6.44917 -11.1766 -0.0740926 79 
-5.86946 -10.167 0.0938376 59 
-5.97618 -10.3611 0.266416 84 
-6.20028 -10.7431 0.447676 103 
-6.20385 -10.7506 0.626603 122 
-6.78464 -11.7637 0.873415 71 
-0.898687 -1.51838 -0.446397 15 
-0.886741 -1.49671 -0.412908 14 
-0.886236 -1.49461 -0.386171 12 
-0.883435 -1.48894 -0.358376 14 
-0.886416 -1.49289 -0.333714 11 
-0.901229 -1.517 -0.312686 12 
-0.917844 -1.54417 -0.292425 14 
-5.96693 -10.0327 -1.72663 106 
-6.07165 -10.2047 -1.58733 104 
-6.25325 -10.5007 -1.45539 101 
-6.23965 -10.4846 -1.28235 99 
-6.3828 -10.7162 -1.12876 84 
-6.3349 -10.6315 -0.947267 95 
-4.59912 -7.716 -0.558054 41 
-4.62363 -7.75589 -0.435612 17 
-6.33361 -10.6336 -0.419446 59 
-6.07347 -10.1887 -0.239347 63 
-6.10505 -10.247 -0.0684885 84 
-6.16854 -10.3486 0.0962994 95 
-6.2901 -10.5618 0.273809 79 
-6.20234 -10.4082 0.437288 98 
-6.12841 -10.2854 0.604419 99 
-6.88287 -11.558 0.8652 96 
-6.8787 -11.5538 1.05802 87 
-4.18136 -7.06466 -2.07697 103 
-0.886741 -1.49671 -0.412908 14 
-0.886236 -1.49461 -0.386171 12 
-0.883435 -1.48894 -0.358376 14 
-0.886416 -1.49289 -0.333714 11 
-0.901229 -1.517 -0.312686 12 
-0.917844 -1.54417 -0.292425 14 
-5.96693 -10.0327 -1.72663 106 
-6.07165 -10.2047 -1.58733 104 
-6.25325 -10.5007 -1.45539 101 
-6.23965 -10.4846 -1.28235 99 
-6.3828 -10.7162 -1.12876 84 
-6.3349 -10.6315 -0.947267 95 
-6.26707 -10.5143 -0.760441 71 
-4.62363 -7.75589 -0.435612 17 
-6.33361 -10.6336 -0.419446 59 
-6.07347 -10.1887 -0.239347 63 
-6.10505 -10.247 -0.0684885 84 
-6.16854 -10.3486 0.0962994 95 
-6.2901 -10.5618 0.273809 79 
-6.20234 -10.4082 0.437288 98 
-6.97293 -11.7028 0.68771 104 
-6.88287 -11.558 0.8652 96 
-6.8787 -11.5538 1.05802 87 
-0.885433 -1.44943 -0.429718 11 
-0.915673 -1.49746 -0.416603 14 
-0.91517 -1.49541 -0.389642 12 
-0.918456 -1.49984 -0.364051 13 
-0.919488 -1.50047 -0.338244 13 
-0.926439 -1.51098 -0.314082 12 
-0.945508 -1.5413 -0.294353 13 
-6.1354 -9.9956 -1.73482 52 
-6.31519 -10.2845 -1.6133 48 
-6.41173 -10.4327 -1.45823 95 
-6.40416 -10.4269 -1.28611 98 
-6.12291 -9.96082 -1.0581 106 
-6.22993 -10.131 -0.910329 119 
-4.77125 -7.75645 -0.565742 59 
-4.76706 -7.74843 -0.438889 17 
-6.23233 -10.1388 -0.403323 56 
-6.5064 -10.5764 -0.250564 106 
-6.33552 -10.3039 -0.0694532 99 
-6.38158 -10.3739 0.0973545 59 
-6.3846 -10.3878 0.271582 95 
-6.53342 -10.6237 0.450129 103 
-6.40325 -10.4132 0.617124 88 
-7.10418 -11.5594 0.872645 103 
-7.06649 -11.5008 1.0621 46 
-7.01692 -11.4237 1.24157 103 
-4.26544 -6.98243 -2.0701 84 
-0.915673 -1.49746 -0.416603 14 
-0.91517 -1.49541 -0.389642 12 
-0.918456 -1.49984 -0.364051 13 
-0.919488 -1.50047 -0.338244 13 
-0.926439 -1.51098 -0.314082 12 
-0.945508 -1.5413 -0.294353 13 
-6.1354 -9.9956 -1.73482 52 
-6.31519 -10.2845 -1.6133 48 
-6.41173 -10.4327 -1.45823 95 
-6.40416 -10.4269 -1.28611 98 
-6.58396 -10.7109 -1.13778 109 
-6.63106 -10.7833 -0.968942 122 
-6.30658 -10.2524 -0.747792 98 
-4.76706 -7.74843 -0.438889 17 
-6.23233 -10.1388 -0.403323 56 
-6.5064 -10.5764 -0.250564 106 
-6.33552 -10.3039 -0.0694532 99 
-6.38158 -10.3739 0.0973545 59 
-6.3846 -10.3878 0.271582 95 
-6.53342 -10.6237 0.450129 103 
-6.40325 -10.4132 0.617124 88 
-7.10418 -11.5594 0.872645 103 
-7.06649 -11.5008 1.0621 46 
-7.01692 -11.4237 1.24157 103 
-4.3129 -6.84345 -2.04656 42 
-0.951027 -1.50758 -0.423069 13 
-0.946383 -1.499 -0.393981 12 
-0.943492 -1.49349 -0.365673 14 
-0.946645 -1.49744 -0.340509 12 
-0.957972 -1.51454 -0.317572 13 
-0.97327 -1.53795 -0.296282 13 
-6.42466 -10.1463 -1.77638 73 
-6.50273 -10.2656 -1.62443 111 
-6.5908 -10.3958 -1.4658 99 
-6.61726 -10.444 -1.29949 104 
-6.8118 -10.7424 -1.15112 99 
-6.6891 -10.5448 -0.955815 99 
-6.44911 -10.1633 -0.747792 101 
-4.92188 -7.75533 -0.443129 30 
-6.52957 -10.2973 -0.413213 114 
-6.17773 -9.73491 -0.232649 63 
-6.32879 -9.97796 -0.0678455 104 
-6.54724 -10.3176 0.0976742 103 
-6.6318 -10.4597 0.275858 79 
-6.54835 -10.3221 0.441184 95 
-6.84546 -10.7917 0.645157 75 
-7.38885 -11.6546 0.887536 101 
-7.19222 -11.3471 1.05708 101 
-7.16081 -11.3011 1.23898 127 
-7.41612 -11.7098 1.4847 95 
-4.3129 -6.84345 -2.04656 42 
-0.951027 -1.50758 -0.423069 13 
-0.946383 -1.499 -0.393981 12 
-0.943492 -1.49349 -0.365673 14 
-0.946645 -1.49744 -0.340509 12 
-0.957972 -1.51454 -0.317572 13 
-0.97327 -1.53795 -0.296282 13 
-6.42466 -10.1463 -1.77638 73 
-6.50273 -10.2656 -1.62443 111 
-6.5908 -10.3958 -1.4658 99 
-6.61726 -10.444 -1.29949 104 
-6.8118 -10.7424 -1.15112 99 
-6.6891 -10.5448 -0.955815 99 
-6.44911 -10.1633 -0.747792 101 
-4.92188 -7.75533 -0.443129 30 
-6.52957 -10.2973 -0.413213 114 
-6.17773 -9.73491 -0.232649 63 
-6.32879 -9.97796 -0.0678455 104 
-6.54724 -10.3176 0.0976742 103 
-7.23995 -11.4189 0.301154 96 
-6.54835 -10.3221 0.441184 95 
-7.2606 -11.4462 0.684282 87 
-7.38885 -11.6546 0.887536 101 
-7.19222 -11.3471 1.05708 101 
-7.16081 -11.3011 1.23898 127 
-7.41612 -11.7098 1.4847 95 
-4.40591 -6.77932 -2.04558 34 
-0.984717 -1.51372 -0.428611 10 
-0.971481 -1.49218 -0.395717 12 
-0.979219 -1.50315 -0.371349 12 
-0.973896 -1.49395 -0.342774 11 
-0.989784 -1.51751 -0.321062 15 
-1.00544 -1.54075 -0.299495 16 
-1.00162 -1.53402 -0.270993 10 
-5.95811 -9.12161 -1.45642 48 
-5.97462 -9.13922 -1.30025 103 
-6.93215 -10.6104 -1.3321 101 
-6.536 -9.99603 -1.08082 111 
-6.51475 -9.95974 -0.910939 103 
-6.45705 -9.86852 -0.732663 103 
-5.08218 -7.76609 -0.447755 40 
-6.64645 -10.165 -0.411588 87 
-6.25612 -9.5607 -0.230551 103 
-6.37334 -9.74468 -0.0668579 101 
-6.70379 -10.2452 0.097866 99 
-7.30239 -11.1694 0.297235 112 
-7.18858 -10.9891 0.473933 111 
-7.1551 -10.9391 0.659879 96 
-7.30404 -11.1728 0.858525 96 
-7.27577 -11.1321 1.04641 103 
-7.49873 -11.4767 1.2696 96 
-7.294 -11.1689 1.42889 33 
-4.40591 -6.77932 -2.04558 34 
-0.984717 -1.51372 -0.428611 10 
-0.971481 -1.49218 -0.395717 12 
-0.979219 -1.50315 -0.371349 12 
-0.973896 -1.49395 -0.342774 11 
-0.989784 -1.51751 -0.321062 15 
-1.00544 -1.54075 -0.299495 16 
-6.61978 -10.1385 -1.79101 109 
-6.72998 -10.3033 -1.6451 55 
-6.86788 -10.5056 -1.49465 109 
-6.93215 -10.6104 -1.3321 101 
-6.99818 -10.7029 -1.15724 112 
-7.09985 -10.8542 -0.992753 106 
-7.13685 -10.9075 -0.809798 106 
-5.08218 -7.76609 -0.447755 40 
-6.64645 -10.165 -0.411588 87 
-6.89771 -10.5412 -0.254195 107 
-6.37334 -9.74468 -0.0668579 101 
-6.70379 -10.2452 0.097866 99 
-7.30239 -11.1694 0.297235 112 
-7.18858 -10.9891 0.473933 111 
-7.1551 -10.9391 0.659879 96 
-7.30404 -11.1728 0.858525 96 
-7.27577 -11.1321 1.04641 103 
-7.49873 -11.4767 1.2696 96 
-7.294 -11.1689 1.42889 33 
-1.01659 -1.51599 -0.43323 12 
-1.00963 -1.50441 -0.402659 12 
-1.00229 -1.49258 -0.372159 14 
-1.0078 -1.49977 -0.347304 13 
-1.01088 -1.50355 -0.321062 14 
-1.02465 -1.52328 -0.298852 15 
-1.05608 -1.56913 -0.279772 11 
-6.86654 -10.1985 -1.64351 99 
-6.97616 -10.3527 -1.48661 55 
-7.15294 -10.6215 -1.3459 55 
-6.69274 -9.93023 -1.0837 95 
-7.24402 -10.7441 -0.991837 52 
-6.6009 -9.78733 -0.733407 79 
-5.23704 -7.76393 -0.451803 17 
-6.81454 -10.111 -0.413213 71 
-6.68865 -9.9167 -0.241364 79 
-6.54008 -9.70118 -0.0671794 79 
-6.85199 -10.1677 0.273097 79 
-7.41059 -10.9904 0.478406 117 
-7.28704 -10.8084 0.658064 99 
-7.17603 -10.6493 0.825919 101 
-7.23442 -10.7384 1.0188 103 
-7.30447 -10.8456 1.21095 106 
-4.72748 -7.04984 -2.01466 98 
-1.00963 -1.50441 -0.402659 12 
-1.00229 -1.49258 -0.372159 14 
-1.0078 -1.49977 -0.347304 13 
-1.01088 -1.50355 -0.321062 14 
-1.02465 -1.52328 -0.298852 15 
-6.82255 -10.137 -1.8074 111 
-6.86654 -10.1985 -1.64351 99 
-6.97616 -10.3527 -1.48661 55 
-7.15294 -10.6215 -1.3459 55 
-6.69274 -9.93023 -1.0837 95 
-7.24402 -10.7441 -0.991837 52 
-7.37997 -10.9425 -0.819967 96 
-5.23704 -7.76393 -0.451803 17 
-7.44237 -11.0425 -0.451283 84 
-6.68865 -9.9167 -0.241364 79 
-6.54008 -9.70118 -0.0671794 79 
-7.50232 -11.1327 0.299017 95 
-7.41059 -10.9904 0.478406 117 
-7.28704 -10.8084 0.658064 99 
-7.17603 -10.6493 0.825919 101 
-7.23442 -10.7384 1.0188 103 
-7.30447 -10.8456 1.21095 106 
-1.05536 -1.52726 -0.44062 14 
-1.03276 -1.49338 -0.403527 14 
-1.04532 -1.51065 -0.380267 13 
-1.03088 -1.48878 -0.348059 14 
-1.04747 -1.51195 -0.325947 12 
-1.06156 -1.53154 -0.303351 14 
-1.10269 -1.59 -0.286211 13 
-7.07832 -10.2026 -1.65994 101 
-7.22876 -10.4109 -1.50931 109 
-7.37765 -10.6317 -1.36012 52 
-7.47608 -10.7651 -1.18609 101 
-7.53668 -10.8483 -1.01107 96 
-6.77336 -9.74667 -0.737375 101 
-5.39054 -7.75567 -0.455658 15 
-6.9026 -9.9393 -0.410097 103 
-6.93601 -9.97998 -0.245238 99 
-6.65892 -9.58592 -0.0670186 95 
-7.89803 -11.3646 0.110623 96 
-6.98872 -10.0644 0.272918 106 
-7.41962 -10.679 0.469317 103 
-7.38482 -10.6301 0.653426 99 
-7.29442 -10.5055 0.822582 106 
-7.41321 -10.6789 1.02288 101 
-7.39842 -10.6608 1.20173 99 
-4.83873 -7.00236 -2.0202 106 
-1.03276 -1.49338 -0.403527 14 
-1.04532 -1.51065 -0.380267 13 
-1.03088 -1.48878 -0.348059 14 
-1.04747 -1.51195 -0.325947 12 
-1.06156 -1.53154 -0.303351 14 
-6.99725 -10.0895 -1.81618 115 
-7.07832 -10.2026 -1.65994 101 
-7.22876 -10.4109 -1.50931 109 
-7.37765 -10.6317 -1.36012 52 
-7.47608 -10.7651 -1.18609 101 
-7.53668 -10.8483 -1.01107 96 
-7.60494 -10.9433 -0.827904 106 
-5.39054 -7.75567 -0.455658 15 
-7.67335 -11.0491 -0.45589 106 
-6.93601 -9.97998 -0.245238 99 
-7.14042 -10.2791 -0.0718647 98 
-7.89803 -11.3646 0.110623 96 
-7.45174 -10.7312 0.291 109 
-7.41962 -10.679 0.469317 103 
-7.38482 -10.6301 0.653426 99 
-7.29442 -10.5055 0.822582 106 
-7.41321 -10.6789 1.02288 101 
-7.39842 -10.6608 1.20173 99 
-10.7505 -10.106 2.01644 63 
-1.08787 -1.52823 -0.445238 12 
-1.07163 -1.50426 -0.41047 13 
-1.06404 -1.49272 -0.379457 12 
-1.0721 -1.50302 -0.354854 13 
-1.07077 -1.50038 -0.326645 13 
-1.09202 -1.52942 -0.305922 13 
-1.12018 -1.56801 -0.28504 11 
-7.28693 -10.1963 -1.67531 106 
-1.27781 -1.78654 -0.261564 1 
-1.27004 -1.77672 -0.229543 6 
-7.71837 -10.7893 -1.20051 59 
-7.79883 -10.8977 -1.02572 95 
-7.88248 -11.0113 -0.841297 59 
-5.53318 -7.72838 -0.458549 16 
-5.6614 -7.91388 -0.329758 63 
-7.17711 -10.0252 -0.248789 41 
-8.19336 -11.4503 -0.080845 26 
-7.84639 -10.9605 0.107745 55 
-7.65669 -10.7042 0.293138 104 
-7.6564 -10.6979 0.474799 112 
-7.47904 -10.4512 0.648787 104 
-7.71673 -10.789 0.853133 109 
-7.73092 -10.8112 1.04578 101 
-7.69015 -10.7573 1.2246 99 
-7.57727 -10.6045 1.39609 98 
-10.8063 -10.0173 2.01373 99 
-4.96762 -6.9785 -2.03313 99 
-1.07163 -1.50426 -0.41047 13 
-1.06404 -1.49272 -0.379457 12 
-1.0721 -1.50302 -0.354854 13 
-1.07077 -1.50038 -0.326645 13 
-1.09202 -1.52942 -0.305922 13 
-1.12018 -1.56801 -0.28504 11 
-7.28693 -10.1963 -1.67531 106 
-1.27781 -1.78654 -0.261564 1 
-7.62948 -10.6733 -1.37893 73 
-7.71837 -10.7893 -1.20051 59 
-7.79883 -10.8977 -1.02572 95 
-7.88248 -11.0113 -0.841297 59 
-5.53318 -7.72838 -0.458549 16 
-7.00348 -9.78993 -0.40793 95 
-7.71952 -10.7829 -0.267591 45 
-8.19336 -11.4503 -0.080845 26 
-7.65669 -10.7042 0.293138 104 
-7.6564 -10.6979 0.474799 112 
-7.47904 -10.4512 0.648787 104 
-7.71673 -10.789 0.853133 109 
-7.73092 -10.8112 1.04578 101 
-7.69015 -10.7573 1.2246 99 
-7.57727 -10.6045 1.39609 98 
-10.8063 -10.0173 2.01373 99 
-5.04387 -6.88021 -2.02482 98 
-1.10177 -1.50174 -0.413941 14 
-1.10564 -1.50614 -0.386754 12 
-1.10926 -1.51007 -0.360139 13 
-1.10561 -1.50433 -0.330833 14 
-1.12028 -1.52357 -0.30785 13 
-1.14666 -1.55859 -0.286211 9 
-7.49674 -10.1862 -1.69068 59 
-1.2885 -1.74934 -0.258726 9 
-1.28293 -1.7428 -0.227452 12 
-7.88244 -10.6997 -1.20267 106 
-7.93366 -10.7653 -1.02359 109 
-8.06861 -10.9452 -0.844769 51 
-5.73065 -7.77257 -0.465874 30 
-5.69547 -7.73107 -0.325423 53 
-8.06867 -10.9445 -0.27437 59 
-8.34057 -11.3187 -0.0807301 96 
-7.94881 -10.7823 0.107074 95 
-7.95481 -10.7991 0.29875 96 
-8.12519 -11.0244 0.494276 95 
-7.92049 -10.7478 0.673996 101 
-7.94237 -10.783 0.861349 107 
-7.89293 -10.7182 1.04735 95 
-7.8703 -10.6906 1.22939 73 
-7.88488 -10.7155 1.42506 49 
-5.04387 -6.88021 -2.02482 98 
-1.10177 -1.50174 -0.413941 14 
-1.10564 -1.50614 -0.386754 12 
-1.10926 -1.51007 -0.360139 13 
-1.10561 -1.50433 -0.330833 14 
-1.12028 -1.52357 -0.30785 13 
-1.14666 -1.55859 -0.286211 9 
-7.49674 -10.1862 -1.69068 59 
-1.2885 -1.74934 -0.258726 9 
-7.80134 -10.5977 -1.38311 111 
-7.88244 -10.6997 -1.20267 106 
-7.93366 -10.7653 -1.02359 109 
-8.06861 -10.9452 -0.844769 51 
-5.73065 -7.77257 -0.465874 30 
-8.18042 -11.1042 -0.467405 96 
-8.06867 -10.9445 -0.27437 59 
-8.34057 -11.3187 -0.0807301 96 
-7.95481 -10.7991 0.29875 96 
-8.12519 -11.0244 0.494276 95 
-7.92049 -10.7478 0.673996 101 
-7.94237 -10.783 0.861349 107 
-7.89293 -10.7182 1.04735 95 
-7.8703 -10.6906 1.22939 73 
-7.88488 -10.7155 1.42506 49 
-11.144 -9.90459 2.03756 98 
-11.144 -9.90459 2.03756 98 
-1.1391 -1.50802 -0.420015 14 
-1.13601 -1.50305 -0.389997 13 
-1.13497 -1.5007 -0.361649 12 
-1.14076 -1.50759 -0.335021 14 
-1.15574 -1.52666 -0.311706 13 
-1.1707 -1.54558 -0.286796 10 
-7.68372 -10.1405 -1.70075 87 
-1.296 -1.70902 -0.255415 12 
-1.29993 -1.7152 -0.226198 11 
-8.07199 -10.6425 -1.2088 98 
-8.13623 -10.7234 -1.0303 104 
-8.3003 -10.9364 -0.852954 87 
-5.899 -7.77136 -0.470692 34 
-5.93331 -7.82279 -0.332738 26 
-8.41654 -11.0888 -0.280906 115 
-8.60416 -11.3413 -0.0817407 99 
-8.18322 -10.7818 0.108193 99 
-8.22322 -10.8431 0.303114 98 
-8.51754 -11.2251 0.508559 73 
-8.17844 -10.7794 0.683072 98 
-8.16692 -10.7697 0.869308 109 
-8.09722 -10.6801 1.05457 73 
-8.31231 -10.9669 1.27439 98 
-11.207 -9.82132 2.03648 101 
-1.1391 -1.50802 -0.420015 14 
-1.13601 -1.50305 -0.389997 13 
-1.13497 -1.5007 -0.361649 12 
-1.14076 -1.50759 -0.335021 14 
-1.15574 -1.52666 -0.311706 13 
-1.1707 -1.54558 -0.286796 10 
-7.68372 -10.1405 -1.70075 87 
-1.296 -1.70902 -0.255415 12 
-7.96296 -10.5068 -1.38562 107 
-8.07199 -10.6425 -1.2088 98 
-8.13623 -10.7234 -1.0303 104 
-8.3003 -10.9364 -0.852954 87 
-5.899 -7.77136 -0.470692 34 
-8.42163 -11.1035 -0.472283 45 
-8.41654 -11.0888 -0.280906 115 
-8.60416 -11.3413 -0.0817407 99 
-8.18322 -10.7818 0.108193 99 
-8.22322 -10.8431 0.303114 98 
-8.51754 -11.2251 0.508559 73 
-8.17844 -10.7794 0.683072 98 
-8.16692 -10.7697 0.869308 109 
-8.09722 -10.6801 1.05457 73 
-8.31231 -10.9669 1.27439 98 
-11.207 -9.82132 2.03648 101 
-5.16715 -6.65065 -1.99895 75 
-1.18401 -1.5228 -0.428693 16 
-1.17372 -1.50868 -0.395673 12 
-1.17029 -1.50331 -0.366179 12 
-1.17138 -1.50394 -0.337813 13 
-1.1915 -1.52906 -0.315562 14 
-1.20433 -1.54469 -0.289723 9 
-1.3045 -1.67257 -0.283546 10 
-1.30262 -1.66884 -0.252104 11 
-1.31886 -1.69061 -0.225362 12 
-8.30314 -10.6356 -1.22106 99 
-8.39563 -10.7502 -1.04404 101 
-8.54558 -10.939 -0.862379 98 
-6.05859 -7.75436 -0.47474 45 
-6.09362 -7.80536 -0.335584 88 
-8.65671 -11.0805 -0.28373 107 
-8.31818 -10.6476 0.108001 87 
-8.30245 -10.6358 0.300531 95 
-8.41754 -10.7774 0.493555 99 
-8.56419 -10.9664 0.702432 103 
-8.52527 -10.922 0.89113 107 
-8.31179 -10.6509 1.06304 95 
-8.45727 -10.8404 1.27329 46 
-5.16715 -6.65065 -1.99895 75 
-5.55576 -7.14543 -2.01156 109 
-1.17372 -1.50868 -0.395673 12 
-1.17029 -1.50331 -0.366179 12 
-1.17138 -1.50394 -0.337813 13 
-1.1915 -1.52906 -0.315562 14 
-1.20433 -1.54469 -0.289723 9 
-1.3045 -1.67257 -0.283546 10 
-1.30262 -1.66884 -0.252104 11 
-8.03793 -10.3036 -1.3735 107 
-8.30314 -10.6356 -1.22106 99 
-8.39563 -10.7502 -1.04404 101 
-8.54558 -10.939 -0.862379 98 
-8.6734 -11.101 -0.679632 84 
-8.67916 -11.1172 -0.477973 107 
-8.65671 -11.0805 -0.28373 107 
-8.30245 -10.6358 0.300531 95 
-8.41754 -10.7774 0.493555 99 
-8.56419 -10.9664 0.702432 103 
-8.52527 -10.922 0.89113 107 
-8.31179 -10.6509 1.06304 95 
-8.45727 -10.8404 1.27329 46 
-5.17444 -6.47147 -1.96662 41 
-1.2198 -1.52441 -0.4339 25 
-1.20201 -1.50132 -0.398105 15 
-1.2059 -1.50521 -0.370709 12 
-1.20458 -1.50281 -0.341303 12 
-1.21274 -1.51228 -0.315562 11 
-1.23816 -1.54315 -0.292649 9 
-1.28305 -1.59854 -0.274007 15 
-1.30092 -1.61953 -0.247374 11 
-1.33735 -1.66583 -0.224526 11 
-8.48077 -10.5559 -1.22538 95 
-8.63735 -10.7469 -1.05533 96 
-8.76251 -10.8995 -0.868828 95 
-6.2614 -7.78733 -0.482065 55 
-6.25709 -7.78808 -0.338564 48 
-8.84566 -11.0022 -0.28486 52 
-8.73206 -10.8659 -0.0800411 46 
-8.53279 -10.6218 0.30347 103 
-8.46452 -10.5311 0.487639 47 
-8.53879 -10.6247 0.688114 96 
-8.57944 -10.6806 0.881118 107 
-8.82674 -10.9908 1.10916 98 
-5.17444 -6.47147 -1.96662 41 
-5.6745 -7.09155 -2.0185 120 
-1.20201 -1.50132 -0.398105 15 
-1.2059 -1.50521 -0.370709 12 
-1.20458 -1.50281 -0.341303 12 
-1.21274 -1.51228 -0.315562 11 
-1.23816 -1.54315 -0.292649 9 
-1.28305 -1.59854 -0.274007 15 
-1.30092 -1.61953 -0.247374 11 
-8.36281 -10.4169 -1.40402 106 
-8.48077 -10.5559 -1.22538 95 
-8.63735 -10.7469 -1.05533 96 
-8.76251 -10.8995 -0.868828 95 
-8.95773 -11.1408 -0.689655 96 
-8.92618 -11.1103 -0.482986 84 
-8.84566 -11.0022 -0.28486 52 
-8.73206 -10.8659 -0.0800411 46 
-8.46452 -10.5311 0.487639 47 
-8.53879 -10.6247 0.688114 96 
-8.57944 -10.6806 0.881118 107 
-1.2087 -1.46804 -0.422619 10 
-1.24029 -1.50556 -0.403781 12 
-1.2343 -1.49732 -0.372974 10 
-1.23296 -1.49496 -0.343396 8 
-1.24881 -1.51347 -0.319418 7 
-1.26462 -1.53182 -0.29382 9 
-1.3002 -1.57435 -0.272947 14 
-1.28798 -1.55834 -0.240752 12 
-1.33514 -1.61632 -0.220345 10 
-8.74916 -10.5838 -1.24269 98 
-8.82468 -10.6714 -1.05991 98 
-8.95964 -10.8315 -0.873292 98 
-6.44338 -7.78842 -0.487654 52 
-6.43399 -7.78315 -0.342222 17 
-9.86001 -11.9191 -0.312136 36 
-9.85405 -11.9174 -0.0887916 43 
-8.85178 -10.7045 0.701222 96 
-8.81928 -10.6705 0.89036 50 
-5.61164 -6.81569 -1.9621 75 
-1.24029 -1.50556 -0.403781 12 
-1.2343 -1.49732 -0.372974 10 
-1.23296 -1.49496 -0.343396 8 
-1.24881 -1.51347 -0.319418 7 
-1.26462 -1.53182 -0.29382 9 
-1.3002 -1.57435 -0.272947 14 
-1.28798 -1.55834 -0.240752 12 
-8.5125 -10.3052 -1.40485 104 
-8.74916 -10.5838 -1.24269 98 
-8.82468 -10.6714 -1.05991 98 
-8.95964 -10.8315 -0.873292 98 
-8.9214 -10.7837 -0.675199 87 
-6.43399 -7.78315 -0.342222 17 
-9.85405 -11.9174 -0.0887916 43 
-8.85178 -10.7045 0.701222 96 
-8.81928 -10.6705 0.89036 50 
-1.25936 -1.48678 -0.433032 12 
-1.27892 -1.50901 -0.409456 11 
-1.27287 -1.50091 -0.378259 15 
-1.27665 -1.50463 -0.349678 10 
-1.2877 -1.51696 -0.323917 9 
-1.29613 -1.52608 -0.296161 11 
-1.30665 -1.53792 -0.269767 18 
-1.28131 -1.50692 -0.235549 9 
-1.31121 -1.54296 -0.212819 9 
-8.92447 -10.494 -1.24665 103 
-8.93405 -10.5016 -1.05533 104 
-9.10224 -10.6962 -0.872548 109 
-9.38961 -11.0324 -0.698907 103 
-6.61973 -7.78393 -0.346286 14 
-9.87773 -11.6067 -0.307536 28 
-1.27892 -1.50901 -0.409456 11 
-1.27287 -1.50091 -0.378259 15 
-1.27665 -1.50463 -0.349678 10 
-1.2877 -1.51696 -0.323917 9 
-1.29613 -1.52608 -0.296161 11 
-1.30665 -1.53792 -0.269767 18 
-1.28131 -1.50692 -0.235549 9 
-8.823 -10.3824 -1.43203 103 
-8.92447 -10.494 -1.24665 103 
-8.93405 -10.5016 -1.05533 104 
-9.10224 -10.6962 -0.872548 109 
-9.38961 -11.0324 -0.698907 103 
-6.61973 -7.78393 -0.346286 14 
-9.87773 -11.6067 -0.307536 28 
-11.7271 -9.03595 2.23341 106 
-1.32046 -1.51463 -0.415943 13 
-1.30919 -1.50076 -0.382789 17 
-1.32084 -1.51336 -0.35596 12 
-1.31655 -1.50775 -0.325845 14 
-1.3095 -1.49889 -0.294405 11 
-1.31234 -1.50161 -0.266587 11 
-1.28131 -1.46497 -0.231765 11 
-8.98804 -10.2822 -1.43538 79 
-9.18028 -10.4943 -1.26179 101 
-9.32932 -10.6609 -1.08434 99 
-9.5452 -10.9045 -0.900327 98 
-9.62957 -10.9994 -0.705268 101 
-6.83305 -7.8111 -0.351706 14 
-9.91238 -11.3232 -0.303663 29 
-11.7836 -8.94908 2.23222 114 
-1.32046 -1.51463 -0.415943 13 
-1.30919 -1.50076 -0.382789 17 
-1.32084 -1.51336 -0.35596 12 
-1.31655 -1.50775 -0.325845 14 
-1.3095 -1.49889 -0.294405 11 
-1.31234 -1.50161 -0.266587 11 
-1.28131 -1.46497 -0.231765 11 
-8.98804 -10.2822 -1.43538 79 
-9.18028 -10.4943 -1.26179 101 
-9.32932 -10.6609 -1.08434 99 
-9.5452 -10.9045 -0.900327 98 
-9.62957 -10.9994 -0.705268 101 
-6.83305 -7.8111 -0.351706 14 
-9.91238 -11.3232 -0.303663 29 
-11.7836 -8.94908 2.23222 114 
-12.2415 -9.16778 2.0901 95 
-11.8679 -8.88319 2.2364 115 
-1.37024 -1.52812 -0.424862 14 
-1.35625 -1.51157 -0.390339 20 
-1.35237 -1.5065 -0.358752 12 
-1.35594 -1.50978 -0.330344 10 
-1.36997 -1.52461 -0.303184 10 
-1.30668 -1.45366 -0.261287 11 
-1.2857 -1.42922 -0.228927 12 
-9.20254 -10.2355 -1.44666 73 
-9.41384 -10.4628 -1.27369 104 
-9.6587 -10.7312 -1.10509 99 
-9.782 -10.8651 -0.908264 106 
-9.72874 -10.8045 -0.701413 103 
-7.01364 -7.79517 -0.355364 15 
-10.1311 -11.2521 -0.305519 101 
-10.6251 -11.804 0.573193 29 
-10.2891 -11.432 0.776447 36 
-11.2652 -8.30754 2.31946 71 
-6.40404 -7.14192 -1.98566 106 
-1.35625 -1.51157 -0.390339 20 
-1.35237 -1.5065 -0.358752 12 
-1.35594 -1.50978 -0.330344 10 
-1.36997 -1.52461 -0.303184 10 
-1.30668 -1.45366 -0.261287 11 
-1.2857 -1.42922 -0.228927 12 
-9.20254 -10.2355 -1.44666 73 
-9.41384 -10.4628 -1.27369 104 
-9.6587 -10.7312 -1.10509 99 
-9.782 -10.8651 -0.908264 106 
-9.72874 -10.8045 -0.701413 103 
-7.01364 -7.79517 -0.355364 15 
-10.1311 -11.2521 -0.305519 101 
-1.43658 -1.55779 -0.438645 12 
-1.39587 -1.51269 -0.395624 15 
-1.3893 -1.50483 -0.362939 12 
-1.39564 -1.51101 -0.334843 13 
-1.4153 -1.53149 -0.308452 10 
-1.3107 -1.4178 -0.258107 13 
-9.54711 -10.3251 -1.47802 73 
-9.80522 -10.5965 -1.3065 99 
-9.90512 -10.7007 -1.11608 98 
-10.0304 -10.833 -0.917192 73 
-10.0605 -10.864 -0.714327 101 
-7.2304 -7.81385 -0.360783 12 
-10.4285 -11.2621 -0.309715 98 
-10.5946 -11.4507 0.347472 59 
-10.4738 -11.3143 0.556457 84 
-10.5548 -11.411 1.22306 41 
-1.39587 -1.51269 -0.395624 15 
-1.3893 -1.50483 -0.362939 12 
-1.39564 -1.51101 -0.334843 13 
-1.4153 -1.53149 -0.308452 10 
-1.3107 -1.4178 -0.258107 13 
-9.54711 -10.3251 -1.47802 73 
-9.80522 -10.5965 -1.3065 99 
-9.90512 -10.7007 -1.11608 98 
-10.0304 -10.833 -0.917192 73 
-10.0605 -10.864 -0.714327 101 
-7.2304 -7.81385 -0.360783 12 
-10.4285 -11.2621 -0.309715 98 
-10.5548 -11.411 1.22306 41 
-12.2729 -8.66239 2.26623 99 
-1.42315 -1.50063 -0.428105 9 
-1.44119 -1.5187 -0.402419 15 
-1.42916 -1.50528 -0.367825 12 
-1.43835 -1.51427 -0.339985 10 
-1.44199 -1.51731 -0.309623 11 
-9.82192 -10.3292 -1.49809 87 
-9.97693 -10.4845 -1.30974 98 
-4.81779 -5.06112 -0.534841 33 
-10.0761 -10.582 -0.907767 99 
-10.2911 -10.8064 -0.719917 106 
-7.40769 -7.78454 -0.36417 13 
-10.1131 -10.6202 -0.295916 99 
-10.6531 -11.1923 -0.0887227 99 
-11.0401 -11.603 0.356736 55 
-10.5812 -11.1148 0.55386 59 
-10.8078 -11.3596 1.00846 44 
-10.7434 -11.2943 1.22651 55 
-10.7593 -11.3141 1.44591 84 
-11.3359 -11.9259 1.76247 96 
-1.44119 -1.5187 -0.402419 15 
-1.42916 -1.50528 -0.367825 12 
-1.43835 -1.51427 -0.339985 10 
-1.44199 -1.51731 -0.309623 11 
-9.82192 -10.3292 -1.49809 87 
-9.97693 -10.4845 -1.30974 98 
-4.81779 -5.06112 -0.534841 33 
-10.0761 -10.582 -0.907767 99 
-10.2911 -10.8064 -0.719917 106 
-7.40769 -7.78454 -0.36417 13 
-10.7833 -11.3239 -0.315525 103 
-10.7434 -11.2943 1.22651 55 
-10.7593 -11.3141 1.44591 84 
-11.3359 -11.9259 1.76247 96 
-1.50067 -1.53779 -0.412989 15 
-1.4693 -1.50491 -0.372711 11 
-1.4897 -1.52511 -0.347054 13 
-1.48793 -1.5225 -0.31489 12 
-10.0597 -10.2877 -1.51231 96 
-10.2004 -10.4239 -1.31984 104 
-10.3423 -10.5653 -1.13165 112 
-10.463 -10.6856 -0.929098 99 
-10.4802 -10.7016 -0.722615 107 
-7.65266 -7.82036 -0.370808 13 
-10.9655 -11.198 -0.316251 95 
-11.1301 -11.3712 -0.091364 63 
-10.9857 -11.2276 0.349877 96 
-10.9003 -11.1345 0.562372 71 
-11.0519 -11.2961 1.01642 49 
-11.19 -11.4396 1.25914 59 
-11.1362 -11.3878 1.47505 26 
-11.3845 -11.647 1.74458 41 
-1.50067 -1.53779 -0.412989 15 
-1.4693 -1.50491 -0.372711 11 
-1.4897 -1.52511 -0.347054 13 
-1.48793 -1.5225 -0.31489 12 
-10.0498 -10.2719 -1.71128 112 
-10.0597 -10.2877 -1.51231 96 
-10.2004 -10.4239 -1.31984 104 
-10.3423 -10.5653 -1.13165 112 
-10.463 -10.6856 -0.929098 99 
-10.4802 -10.7016 -0.722615 107 
-7.65266 -7.82036 -0.370808 13 
-10.9655 -11.198 -0.316251 95 
-11.19 -11.4396 1.25914 59 
-11.1362 -11.3878 1.47505 26 
-11.3845 -11.647 1.74458 41 
-13.4304 -8.93328 2.20438 119 
-13.4304 -8.93328 2.20438 119 
-1.53868 -1.53332 -0.417519 19 
-1.51807 -1.51204 -0.37969 11 
-1.51924 -1.51252 -0.348982 12 
-1.53709 -1.52949 -0.320743 14 
-1.53476 -1.52664 -0.289376 12 
-1.56349 -1.55402 -0.26251 9 
-10.3491 -10.2922 -1.53405 96 
-10.3816 -10.317 -1.32452 114 
-10.5256 -10.4564 -1.13562 114 
-10.6339 -10.561 -0.931082 119 
-8.01181 -7.95579 -0.544708 34 
-7.87736 -7.82829 -0.376363 10 
-8.00219 -7.94679 -0.227565 45 
-11.3842 -11.3106 -0.0921449 63 
-11.2956 -11.2178 0.127248 84 
-11.3967 -11.3268 0.357894 59 
-10.9923 -10.9193 0.559198 55 
-11.3647 -11.2903 0.808715 59 
-11.3756 -11.3067 1.03156 58 
-11.3769 -11.3104 1.26228 95 
-11.4664 -11.4025 1.49755 73 
-10.985 -10.9287 1.6598 63 
-13.4825 -8.83278 2.20276 99 
-7.24267 -7.21742 -1.96529 114 
-1.51807 -1.51204 -0.37969 11 
-1.51924 -1.51252 -0.348982 12 
-1.53709 -1.52949 -0.320743 14 
-1.53476 -1.52664 -0.289376 12 
-10.2993 -10.2369 -1.72925 104 
-10.3491 -10.2922 -1.53405 96 
-10.3816 -10.317 -1.32452 114 
-10.5256 -10.4564 -1.13562 114 
-10.6339 -10.561 -0.931082 119 
-10.6172 -10.543 -0.721844 50 
-7.87736 -7.82829 -0.376363 10 
-11.379 -11.3002 -0.323595 95 
-11.3842 -11.3106 -0.0921449 63 
-11.3967 -11.3268 0.357894 59 
-11.3756 -11.3067 1.03156 58 
-11.3769 -11.3104 1.26228 95 
-11.4664 -11.4025 1.49755 73 
-10.985 -10.9287 1.6598 63 
-2.66308 -1.68633 -1.37764 21 
-2.66715 -1.69099 -1.32311 14 
-2.66419 -1.69218 -1.26436 6 
-2.65977 -1.69192 -1.20847 27 
-2.66468 -1.69765 -1.15497 16 
-2.64261 -1.68593 -1.09391 23 
-13.1276 -8.46986 2.13505 101 
-2.66308 -1.68633 -1.37764 21 
-2.66715 -1.69099 -1.32311 14 
-2.66419 -1.69218 -1.26436 6 
-2.65977 -1.69192 -1.20847 27 
-2.66468 -1.69765 -1.15497 16 
-13.1276 -8.46986 2.13505 101 
-1.57123 -1.52262 -0.420539 22 
-1.5645 -1.51536 -0.385972 12 
-1.57425 -1.52411 -0.356695 11 
-1.56967 -1.51889 -0.323085 10 
-1.58442 -1.53263 -0.294676 10 
-1.63073 -1.57621 -0.270077 3 
-8.18981 -7.92042 -1.19747 45 
-8.19286 -7.91755 -1.03107 36 
-8.17505 -7.89758 -0.870033 24 
-8.18141 -7.90152 -0.70662 23 
-8.0905 -7.81262 -0.542588 52 
-8.10088 -7.82866 -0.381782 31 
-8.03182 -7.7565 -0.225306 31 
-11.5238 -11.1338 -0.0920071 96 
-11.5346 -11.1396 0.128175 101 
-11.5336 -11.1472 0.35727 79 
-11.4724 -11.0834 0.805286 73 
-11.4003 -11.0191 1.01975 58 
-11.4993 -11.1172 1.25851 104 
-10.6796 -10.3276 1.37583 103 
-10.8621 -10.5088 1.6189 96 
-11.3513 -10.9791 1.91637 96 
-13.1094 -8.32913 2.1226 106 
-1.5645 -1.51536 -0.385972 12 
-1.57425 -1.52411 -0.356695 11 
-1.56967 -1.51889 -0.323085 10 
-1.58442 -1.53263 -0.294676 10 
-1.63073 -1.57621 -0.270077 3 
-8.18981 -7.92042 -1.19747 45 
-8.19286 -7.91755 -1.03107 36 
-8.17505 -7.89758 -0.870033 24 
-8.18141 -7.90152 -0.70662 23 
-8.0905 -7.81262 -0.542588 52 
-8.10088 -7.82866 -0.381782 31 
-11.5357 -11.1402 -0.323595 54 
-11.5238 -11.1338 -0.0920071 96 
-11.5346 -11.1396 0.128175 101 
-11.4993 -11.1172 1.25851 104 
-10.6796 -10.3276 1.37583 103 
-10.8621 -10.5088 1.6189 96 
-11.3513 -10.9791 1.91637 96 
-13.1094 -8.32913 2.1226 106 
-2.70823 -1.6624 -1.38885 17 
-2.69365 -1.65552 -1.32465 16 
-2.70021 -1.66261 -1.27031 19 
-2.70857 -1.6703 -1.21993 19 
-2.68493 -1.65831 -1.15359 16 
-2.69801 -1.66874 -1.10709 19 
-13.2277 -8.27524 2.13235 96 
-2.70823 -1.6624 -1.38885 17 
-2.69365 -1.65552 -1.32465 16 
-2.70021 -1.66261 -1.27031 19 
-2.70857 -1.6703 -1.21993 19 
-2.68493 -1.65831 -1.15359 16 
-2.69801 -1.66874 -1.10709 19 
-13.8695 -8.67671 2.23579 98 
-1.60844 -1.51497 -0.391556 13 
-1.6155 -1.52093 -0.361194 11 
-1.61666 -1.52123 -0.328352 12 
-1.62877 -1.53209 -0.298916 11 
-1.66416 -1.56417 -0.271969 11 
-8.22425 -7.73444 -1.1866 52 
-8.19519 -7.70145 -1.01773 46 
-8.21766 -7.71986 -0.863011 98 
-8.20654 -7.70726 -0.699427 63 
-8.16675 -7.66882 -0.540468 88 
-11.6528 -10.9507 -0.541919 95 
-11.5502 -10.8467 -0.319721 96 
-11.544 -10.8459 -0.0909506 106 
-11.517 -10.8159 0.126289 103 
-11.1676 -10.4904 0.552995 32 
-11.3174 -10.6322 0.783909 95 
-11.2447 -10.5691 0.992541 95 
-11.1508 -10.483 1.20423 96 
-11.0201 -10.363 1.40091 109 
-10.7789 -10.1408 1.58525 98 
-11.0494 -10.3924 1.84072 104 
-13.6463 -8.40508 2.1903 119 
-1.60844 -1.51497 -0.391556 13 
-1.6155 -1.52093 -0.361194 11 
-1.61666 -1.52123 -0.328352 12 
-1.62877 -1.53209 -0.298916 11 
-1.66416 -1.56417 -0.271969 11 
-11.0439 -10.3862 -1.59342 84 
-11.2143 -10.5387 -1.39266 79 
-11.3658 -10.6773 -1.19362 111 
-11.4077 -10.7136 -0.972254 101 
-11.4579 -10.7593 -0.758274 107 
-11.6528 -10.9507 -0.541919 95 
-11.5502 -10.8467 -0.319721 96 
-12.0249 -11.2969 0.832916 98 
-11.9323 -11.2178 1.28864 99 
-11.0201 -10.363 1.40091 109 
-10.7789 -10.1408 1.58525 98 
-11.0494 -10.3924 1.84072 104 
-13.6463 -8.40508 2.1903 119 
-2.69023 -1.60007 -1.36803 17 
-2.69748 -1.60643 -1.31538 17 
-2.68489 -1.60192 -1.25246 17 
-2.68353 -1.60358 -1.19845 17 
-2.68848 -1.60909 -1.14535 16 
-2.69189 -1.61343 -1.09523 17 
-13.9012 -8.42879 2.22171 101 
-2.69023 -1.60007 -1.36803 17 
-2.69748 -1.60643 -1.31538 17 
-2.68489 -1.60192 -1.25246 17 
-2.68353 -1.60358 -1.19845 17 
-2.68848 -1.60909 -1.14535 16 
-2.69189 -1.61343 -1.09523 17 
-14.545 -8.8192 2.32462 101 
-1.66138 -1.52163 -0.399233 12 
-1.65987 -1.51955 -0.366335 10 
-1.66986 -1.52789 -0.33479 10 
-1.67048 -1.52793 -0.302626 9 
-1.69756 -1.5515 -0.273861 10 
-11.3112 -10.3437 -1.61098 95 
-11.4927 -10.502 -1.40888 106 
-11.658 -10.6493 -1.20858 109 
-11.6682 -10.6556 -0.981679 84 
-11.8018 -10.7761 -0.770995 103 
-11.9049 -10.8787 -0.546526 51 
-11.4938 -10.4956 -0.314072 101 
-12.6925 -11.5955 -0.0987135 99 
-11.7348 -10.7161 0.127024 95 
-11.7458 -10.7345 0.35442 99 
-11.7026 -10.6893 0.572038 101 
-11.6476 -10.6402 0.796413 104 
-11.9245 -10.8985 1.03901 109 
-11.8023 -10.7891 1.2582 101 
-12.2219 -11.1757 1.5337 99 
-10.9664 -10.0323 1.59206 75 
-11.4513 -10.4729 1.88312 71 
-14.0005 -8.35591 2.22821 107 
-1.66138 -1.52163 -0.399233 12 
-1.65987 -1.51955 -0.366335 10 
-1.66986 -1.52789 -0.33479 10 
-1.67048 -1.52793 -0.302626 9 
-1.69756 -1.5515 -0.273861 10 
-11.3112 -10.3437 -1.61098 95 
-11.4927 -10.502 -1.40888 106 
-11.658 -10.6493 -1.20858 109 
-11.6682 -10.6556 -0.981679 84 
-11.8018 -10.7761 -0.770995 103 
-12.6722 -11.5798 -0.58175 55 
-12.5539 -11.4637 -0.343043 104 
-11.6476 -10.6402 0.796413 104 
-11.9245 -10.8985 1.03901 109 
-11.8023 -10.7891 1.2582 101 
-12.2219 -11.1757 1.5337 99 
-10.9664 -10.0323 1.59206 75 
-11.4513 -10.4729 1.88312 71 
-14.6947 -8.77025 2.3387 109 
-2.67823 -1.55483 -1.08074 27 
-14.759 -8.66946 2.33924 82 
-2.67823 -1.55483 -1.08074 27 
-14.759 -8.66946 2.33924 82 
-1.71776 -1.52972 -0.407609 12 
-1.71336 -1.5251 -0.373405 12 
-1.71468 -1.52547 -0.339473 12 
-1.71535 -1.52553 -0.306866 11 
-1.74875 -1.55403 -0.278591 10 
-1.77778 -1.58072 -0.25003 10 
-11.6888 -10.3855 -1.41501 103 
-11.9815 -10.6418 -1.22659 96 
-12.0427 -10.6931 -1.00053 98 
-12.1184 -10.7588 -0.781789 103 
-12.1184 -10.7671 -0.549371 95 
-13.0238 -11.5635 -0.351435 58 
-12.4225 -11.0346 -0.0954062 101 
-12.8972 -11.4515 0.137863 96 
-11.5757 -10.2807 0.558765 84 
-11.7551 -10.4484 1.23749 101 
-11.957 -10.6309 1.48169 109 
-12.4545 -11.0783 1.78548 104 
-11.7032 -10.407 1.90047 98 
-14.8981 -8.61182 2.3517 104 
-1.71776 -1.52972 -0.407609 12 
-1.71336 -1.5251 -0.373405 12 
-1.71468 -1.52547 -0.339473 12 
-1.71535 -1.52553 -0.306866 11 
-1.74875 -1.55403 -0.278591 10 
-11.4931 -10.2191 -1.61642 104 
-11.6888 -10.3855 -1.41501 103 
-11.9815 -10.6418 -1.22659 96 
-12.0427 -10.6931 -1.00053 98 
-12.1184 -10.7588 -0.781789 103 
-13.0956 -11.6354 -0.593673 98 
-13.0238 -11.5635 -0.351435 58 
-12.8972 -11.4515 0.137863 96 
-11.7551 -10.4484 1.23749 101 
-11.957 -10.6309 1.48169 109 
-12.4545 -11.0783 1.78548 104 
-11.7032 -10.407 1.90047 98 
-14.8981 -8.61182 2.3517 104 
-14.9027 -8.47626 2.34303 103 
-14.9027 -8.47626 2.34303 103 
-1.77469 -1.53652 -0.415984 13 
-1.7733 -1.53462 -0.38176 14 
-1.76574 -1.52726 -0.345326 10 
-1.76048 -1.52218 -0.311106 11 
-1.80634 -1.56062 -0.284267 7 
-1.84783 -1.59736 -0.25672 9 
-11.7935 -10.1874 -1.41032 98 
-12.301 -10.6221 -1.24399 101 
-12.3329 -10.6466 -1.01219 103 
-12.4973 -10.787 -0.796438 98 
-12.5307 -10.8243 -0.561157 63 
-12.1668 -10.5025 -0.324321 54 
-12.757 -11.017 -0.0967843 95 
-12.7955 -11.0455 0.135113 99 
-11.6113 -10.0311 0.341772 106 
-12.4269 -10.7312 0.828882 101 
-11.9916 -10.3604 1.01924 103 
-11.3628 -9.81915 1.18164 111 
-11.3419 -9.8039 1.38837 104 
-11.4678 -9.91729 1.62402 106 
-11.6401 -10.0634 1.86722 107 
-15.0895 -8.44362 2.36307 101 
-1.7733 -1.53462 -0.38176 14 
-1.76574 -1.52726 -0.345326 10 
-1.76048 -1.52218 -0.311106 11 
-1.80634 -1.56062 -0.284267 7 
-11.8724 -10.2632 -1.64945 103 
-11.7935 -10.1874 -1.41032 98 
-12.301 -10.6221 -1.24399 101 
-12.3329 -10.6466 -1.01219 103 
-12.4973 -10.787 -0.796438 98 
-13.523 -11.6814 -0.605595 79 
-13.4564 -11.6157 -0.358698 63 
-12.757 -11.017 -0.0967843 95 
-13.6765 -11.8061 0.144417 101 
-13.0699 -11.2912 0.384705 109 
-12.4269 -10.7312 0.828882 101 
-11.9916 -10.3604 1.01924 103 
-11.3628 -9.81915 1.18164 111 
-11.9476 -10.3274 1.46251 106 
-13.0743 -11.3065 1.85151 109 
-11.6401 -10.0634 1.86722 107 
-15.0895 -8.44362 2.36307 101 
-15.0717 -8.29602 2.35116 82 
-15.0717 -8.29602 2.35116 82 
-1.83213 -1.54203 -0.42436 11 
-1.82779 -1.53767 -0.388829 15 
-1.82929 -1.53811 -0.35352 12 
-1.82102 -1.53061 -0.317996 10 
-1.831 -1.5378 -0.28474 10 
-1.88213 -1.58165 -0.258393 9 
-12.1116 -10.1704 -1.43123 79 
-11.7852 -9.89283 -1.17775 55 
-12.2968 -10.3193 -0.997304 63 
-13.0966 -10.9889 -0.824772 95 
-14.092 -11.8334 -0.623614 96 
-13.5499 -11.3701 -0.356922 96 
-12.9025 -10.8272 0.134634 101 
-11.8145 -9.92199 0.343642 103 
-13.2422 -11.1151 0.623976 117 
-12.1198 -10.1791 1.01796 106 
-12.0606 -10.1315 1.23937 109 
-11.5143 -9.67533 1.3928 115 
-12.6464 -10.6315 1.76972 104 
-1.82779 -1.53767 -0.388829 15 
-1.82929 -1.53811 -0.35352 12 
-1.82102 -1.53061 -0.317996 10 
-1.831 -1.5378 -0.28474 10 
-12.1608 -10.2193 -1.66952 103 
-12.1116 -10.1704 -1.43123 79 
-12.7414 -10.6954 -1.2733 63 
-12.939 -10.8583 -1.04939 73 
-13.0966 -10.9889 -0.824772 95 
-14.092 -11.8334 -0.623614 96 
-13.5499 -11.3701 -0.356922 96 
-13.2422 -11.1151 0.623976 117 
-12.1198 -10.1791 1.01796 106 
-12.0606 -10.1315 1.23937 109 
-11.5143 -9.67533 1.3928 115 
-12.6464 -10.6315 1.76972 104 
-1.87353 -1.53199 -0.393971 14 
-1.8751 -1.53245 -0.358202 9 
-1.86677 -1.52511 -0.322236 11 
-1.88613 -1.53972 -0.289943 11 
-1.91943 -1.5678 -0.260483 9 
-12.5394 -10.2345 -1.46476 99 
-13.0471 -10.6451 -1.28887 109 
-13.1977 -10.7649 -1.05807 95 
-13.1558 -10.7293 -0.818989 84 
-13.0789 -10.6749 -0.572131 104 
-13.3974 -10.9271 -0.348853 104 
-14.7363 -12.0246 -0.10921 55 
-13.2105 -10.775 0.136264 101 
-13.4048 -10.9421 0.385417 107 
-11.7204 -9.56201 0.545925 98 
-12.211 -9.96329 0.795606 103 
-12.0226 -9.81451 0.998189 106 
-12.0557 -9.84357 1.22463 109 
-12.1295 -9.90666 1.45034 117 
-12.8398 -10.4916 1.77611 106 
-12.833 -10.4831 2.01081 111 
-1.87353 -1.53199 -0.393971 14 
-1.8751 -1.53245 -0.358202 9 
-1.86677 -1.52511 -0.322236 11 
-1.88613 -1.53972 -0.289943 11 
-1.91943 -1.5678 -0.260483 9 
-12.5394 -10.2345 -1.46476 99 
-13.0471 -10.6451 -1.28887 109 
-13.1977 -10.7649 -1.05807 95 
-13.1558 -10.7293 -0.818989 84 
-13.0789 -10.6749 -0.572131 104 
-14.8137 -12.0822 -0.385731 107 
-14.7363 -12.0246 -0.10921 55 
-13.7524 -11.221 0.89604 106 
-12.9936 -10.6071 1.0788 109 
-12.9267 -10.5548 1.31311 111 
-13.567 -11.0808 1.62222 120 
-12.8398 -10.4916 1.77611 106 
-1.95655 -1.55481 -0.406825 18 
-1.93659 -1.53812 -0.365811 11 
-1.90962 -1.51615 -0.325946 12 
-1.94168 -1.54039 -0.295146 11 
-1.95672 -1.55321 -0.262574 11 
-12.9401 -10.2639 -1.49468 107 
-13.3694 -10.6006 -1.30596 101 
-13.4155 -10.6341 -1.06353 101 
-13.2856 -10.5296 -0.817833 101 
-13.5994 -10.7869 -0.588253 40 
-13.3481 -10.5799 -0.343688 96 
-14.9905 -11.8873 -0.109853 109 
-13.5093 -10.7166 0.384081 32 
-14.1739 -11.2389 0.913182 103 
-13.056 -10.3577 1.07187 95 
-13.7101 -10.8789 1.37712 99 
-13.0029 -10.3207 1.53739 111 
-13.2653 -10.534 1.81445 107 
-12.863 -10.2115 1.99299 109 
-9.20167 -7.31225 -1.9133 114 
-1.93659 -1.53812 -0.365811 11 
-1.90962 -1.51615 -0.325946 12 
-1.94168 -1.54039 -0.295146 11 
-1.95672 -1.55321 -0.262574 11 
-12.9401 -10.2639 -1.49468 107 
-13.3694 -10.6006 -1.30596 101 
-13.4155 -10.6341 -1.06353 101 
-13.9463 -11.0533 -0.858503 103 
-13.5994 -10.7869 -0.588253 40 
-14.8932 -11.8046 -0.383472 99 
-14.9905 -11.8873 -0.109853 109 
-14.1739 -11.2389 0.913182 103 
-14.3131 -11.355 1.17508 96 
-14.2224 -11.2854 1.42858 101 
-13.0029 -10.3207 1.53739 111 
-13.2653 -10.534 1.81445 107 
-12.863 -10.2115 1.99299 109 
-1.97182 -1.52251 -0.405539 7 
-1.98607 -1.53268 -0.371079 9 
-1.98397 -1.53051 -0.334956 10 
-2.00389 -1.54465 -0.301295 11 
-2.04436 -1.57676 -0.271354 9 
-13.2652 -10.2233 -1.51559 119 
-13.7468 -10.5906 -1.32825 115 
-13.686 -10.5408 -1.0732 111 
-14.0233 -10.799 -0.853877 107 
-13.5777 -10.4642 -0.580937 40 
-13.0129 -10.0216 -0.331422 101 
-13.3553 -10.2901 -0.0968072 103 
-13.5157 -10.4092 0.13636 43 
-14.4495 -11.1372 0.406349 36 
-14.3864 -11.0826 0.655428 96 
-14.437 -11.1228 0.920039 73 
-14.4671 -11.1516 1.17482 58 
-14.2901 -11.0176 1.41979 98 
-14.3347 -11.0552 1.67645 73 
-13.9023 -10.7267 1.88091 96 
-1.98607 -1.53268 -0.371079 9 
-1.98397 -1.53051 -0.334956 10 
-2.00389 -1.54465 -0.301295 11 
-2.04436 -1.57676 -0.271354 9 
-13.2652 -10.2233 -1.51559 119 
-13.7468 -10.5906 -1.32825 115 
-13.686 -10.5408 -1.0732 111 
-14.0233 -10.799 -0.853877 107 
-13.5777 -10.4642 -0.580937 40 
-14.8728 -11.454 -0.378791 104 
-13.3553 -10.2901 -0.0968072 103 
-14.3864 -11.0826 0.655428 96 
-14.437 -11.1228 0.920039 73 
-14.4671 -11.1516 1.17482 58 
-14.2901 -11.0176 1.41979 98 
-14.3347 -11.0552 1.67645 73 
-2.05477 -1.54041 -0.379858 10 
-2.03053 -1.52168 -0.339196 10 
-2.06341 -1.54509 -0.306971 11 
-2.07573 -1.55522 -0.272608 9 
-2.24826 -1.68319 -0.254161 13 
-2.44274 -1.82813 -0.233535 14 
-2.41986 -1.81048 -0.187754 15 
-14.2398 -10.6524 -0.857925 103 
-14.625 -10.9492 -0.619143 95 
-14.599 -10.9218 -0.367897 63 
-14.6088 -10.9344 -0.104777 103 
-13.538 -10.1284 0.135145 104 
-13.8417 -10.3639 0.38515 103 
-14.4053 -10.7801 0.649368 107 
-14.6197 -10.9417 0.921854 84 
-14.4776 -10.8409 1.16327 96 
-14.0468 -10.5206 1.38088 109 
-14.2295 -10.6605 1.64657 112 
-13.9871 -10.4839 1.87239 112 
-2.05477 -1.54041 -0.379858 10 
-2.03053 -1.52168 -0.339196 10 
-2.06341 -1.54509 -0.306971 11 
-2.07573 -1.55522 -0.272608 9 
-2.24826 -1.68319 -0.254161 13 
-14.0466 -10.5124 -1.3429 114 
-14.0812 -10.5352 -1.09255 119 
-14.2398 -10.6524 -0.857925 103 
-14.625 -10.9492 -0.619143 95 
-14.599 -10.9218 -0.367897 63 
-14.6088 -10.9344 -0.104777 103 
-13.538 -10.1284 0.135145 104 
-13.8417 -10.3639 0.38515 103 
-14.4053 -10.7801 0.649368 107 
-14.6197 -10.9417 0.921854 84 
-14.4776 -10.8409 1.16327 96 
-14.0468 -10.5206 1.38088 109 
-14.2295 -10.6605 1.64657 112 
-13.9871 -10.4839 1.87239 112 
-2.12406 -1.5465 -0.388638 10 
-2.09966 -1.52818 -0.347146 9 
-2.12012 -1.54183 -0.312174 9 
-2.11011 -1.53545 -0.274281 10 
-2.19421 -1.59541 -0.245509 17 
-2.44545 -1.77744 -0.231398 24 
-2.44167 -1.77417 -0.187506 12 
-10.9641 -7.96561 -0.653804 28 
-10.932 -7.94865 -0.458057 84 
-10.8223 -7.86315 -0.269931 27 
-13.6439 -9.91793 -0.0968532 122 
-13.6684 -9.93138 0.135049 112 
-14.205 -10.3296 0.391207 106 
-14.3636 -10.4392 0.640856 111 
-13.0489 -9.48964 1.03773 111 
-14.0549 -10.2265 1.60968 111 
-14.0099 -10.1986 1.8562 104 
-2.12406 -1.5465 -0.388638 10 
-2.09966 -1.52818 -0.347146 9 
-2.12012 -1.54183 -0.312174 9 
-2.11011 -1.53545 -0.274281 10 
-14.1544 -10.2917 -1.58373 130 
-14.3049 -10.3973 -1.35359 130 
-2.44167 -1.77417 -0.187506 12 
-14.788 -10.7437 -0.881826 49 
-15.0707 -10.9579 -0.631471 104 
-10.8223 -7.86315 -0.269931 27 
-13.6439 -9.91793 -0.0968532 122 
-13.6684 -9.93138 0.135049 112 
-14.205 -10.3296 0.391207 106 
-14.3636 -10.4392 0.640856 111 
-13.0489 -9.48964 1.03773 111 
-14.0549 -10.2265 1.60968 111 
-14.0099 -10.1986 1.8562 104 
-2.21653 -1.56695 -0.401514 10 
-2.16288 -1.52846 -0.354035 9 
-2.19011 -1.54644 -0.319268 10 
-2.18007 -1.54027 -0.280553 9 
-2.24882 -1.5876 -0.249114 22 
-2.4407 -1.72242 -0.228651 27 
-2.4401 -1.72149 -0.185522 14 
-11.0482 -7.79333 -0.652262 84 
-15.4704 -10.9216 -0.641768 104 
-11.0389 -7.78736 -0.272594 36 
-13.5228 -9.54425 -0.0950388 98 
-13.7534 -9.70268 0.134538 101 
-14.1224 -9.97111 0.385061 101 
-14.5635 -10.2768 0.643309 112 
-13.1602 -9.28763 0.813152 101 
-14.8464 -10.4831 1.16892 109 
-14.107 -9.96322 1.35892 103 
-14.0174 -9.90283 1.5894 103 
-13.4786 -9.52681 1.76801 98 
-14.1037 -9.96566 2.09562 101 
-2.16288 -1.52846 -0.354035 9 
-2.19011 -1.54644 -0.319268 10 
-2.18007 -1.54027 -0.280553 9 
-2.24882 -1.5876 -0.249114 22 
-2.4407 -1.72242 -0.228651 27 
-11.1207 -7.84568 -0.845513 109 
-15.2075 -10.7273 -0.897824 104 
-15.4704 -10.9216 -0.641768 104 
-11.0389 -7.78736 -0.272594 36 
-13.5228 -9.54425 -0.0950388 98 
-14.1224 -9.97111 0.385061 101 
-14.5635 -10.2768 0.643309 112 
-13.1602 -9.28763 0.813152 101 
-14.8464 -10.4831 1.16892 109 
-14.7715 -10.4325 1.42293 104 
-14.0174 -9.90283 1.5894 103 
-13.4786 -9.52681 1.76801 98 
-14.1037 -9.96566 2.09562 101 
-2.27082 -1.55824 -0.407367 10 
-2.23959 -1.53624 -0.363045 11 
-2.24753 -1.54041 -0.324471 10 
-2.2473 -1.54118 -0.286406 9 
-2.31348 -1.58532 -0.253801 22 
-2.44147 -1.6724 -0.226514 32 
-2.42767 -1.66244 -0.182794 9 
-15.5042 -10.6155 -0.906497 99 
-15.6379 -10.7159 -0.642445 104 
-11.4303 -7.82678 -0.279534 43 
-11.5924 -7.94162 -0.0806842 23 
-14.1976 -9.73 0.383369 55 
-14.3395 -9.82176 0.627295 96 
-15.098 -10.3425 0.923871 41 
-15.3074 -10.4914 1.19357 101 
-14.1527 -9.70215 1.35013 95 
-13.7733 -9.44486 1.54661 107 
-13.5743 -9.31294 1.76333 127 
-13.3311 -9.14339 1.96166 119 
-2.23959 -1.53624 -0.363045 11 
-2.24753 -1.54041 -0.324471 10 
-2.2473 -1.54118 -0.286406 9 
-2.31348 -1.58532 -0.253801 22 
-2.44147 -1.6724 -0.226514 32 
-2.42767 -1.66244 -0.182794 9 
-15.5042 -10.6155 -0.906497 99 
-15.6379 -10.7159 -0.642445 104 
-11.4303 -7.82678 -0.279534 43 
-15.473 -10.6001 -0.107694 38 
-14.1976 -9.73 0.383369 55 
-14.3395 -9.82176 0.627295 96 
-15.098 -10.3425 0.923871 41 
-15.3074 -10.4914 1.19357 101 
-14.725 -10.0945 1.40473 95 
-13.5743 -9.31294 1.76333 127 
-13.3311 -9.14339 1.96166 119 
-2.56278 -1.70741 -0.501301 33 
-2.58878 -1.72376 -0.460044 15 
-2.31693 -1.54216 -0.372055 11 
-2.31181 -1.53748 -0.33062 10 
-2.30503 -1.53389 -0.291005 9 
-2.36525 -1.57272 -0.257045 13 
-2.43801 -1.62049 -0.224072 29 
-2.43402 -1.61734 -0.181553 20 
-15.6576 -10.4025 -0.906883 103 
-15.4963 -10.3039 -0.630659 112 
-11.7683 -7.81914 -0.285102 55 
-15.1798 -10.0908 -0.104662 117 
-14.1089 -9.37464 0.135401 73 
-14.039 -9.33596 0.37553 51 
-14.2422 -9.46571 0.617196 84 
-15.1178 -10.0488 0.916409 96 
-14.2768 -9.49698 1.34919 59 
-13.738 -9.14131 1.52817 58 
-13.3984 -8.91974 1.72413 98 
-12.8922 -8.58016 1.87927 95 
-2.56278 -1.70741 -0.501301 33 
-2.58878 -1.72376 -0.460044 15 
-2.31693 -1.54216 -0.372055 11 
-2.31181 -1.53748 -0.33062 10 
-2.30503 -1.53389 -0.291005 9 
-2.36525 -1.57272 -0.257045 13 
-2.43801 -1.62049 -0.224072 29 
-2.43402 -1.61734 -0.181553 20 
-15.6576 -10.4025 -0.906883 103 
-15.4963 -10.3039 -0.630659 112 
-11.7683 -7.81914 -0.285102 55 
-15.1798 -10.0908 -0.104662 117 
-14.1089 -9.37464 0.135401 73 
-15.1644 -10.0786 0.657159 95 
-15.1178 -10.0488 0.916409 96 
-13.738 -9.14131 1.52817 58 
-13.3984 -8.91974 1.72413 98 
-12.8922 -8.58016 1.87927 95 
-2.57736 -1.67548 -0.874285 11 
-2.54343 -1.65191 -0.813484 9 
-2.57661 -1.67039 -0.728824 10 
-2.61732 -1.69439 -0.645401 13 
-2.6253 -1.69838 -0.600986 12 
-2.62945 -1.70015 -0.554878 14 
-2.58637 -1.67147 -0.501301 24 
-2.61591 -1.68959 -0.46063 65 
-2.39486 -1.54622 -0.381065 12 
-2.39647 -1.54596 -0.339607 6 
-2.38638 -1.54039 -0.298531 8 
-2.43719 -1.57193 -0.262453 25 
-2.4537 -1.58197 -0.223461 23 
-2.42616 -1.56373 -0.179321 18 
-15.3782 -9.91131 0.14624 46 
-14.9436 -9.64011 1.14376 53 
-14.9485 -9.64843 1.64768 106 
-13.5216 -8.7318 1.72413 101 
-12.9907 -8.3864 1.87637 103 
-2.6253 -1.69838 -0.600986 12 
-2.62945 -1.70015 -0.554878 14 
-2.58637 -1.67147 -0.501301 24 
-2.61591 -1.68959 -0.46063 65 
-2.39486 -1.54622 -0.381065 12 
-2.39647 -1.54596 -0.339607 6 
-2.38638 -1.54039 -0.298531 8 
-2.43719 -1.57193 -0.262453 25 
-2.4537 -1.58197 -0.223461 23 
-2.42616 -1.56373 -0.179321 18 
-15.3782 -9.91131 0.14624 46 
-14.9436 -9.64011 1.14376 53 
-14.9485 -9.64843 1.64768 106 
-13.5216 -8.7318 1.72413 101 
-13.8715 -8.95497 2.00359 106 
-2.66546 -1.68614 -1.04938 15 
-2.68862 -1.69888 -1.00698 12 
-2.65699 -1.6765 -0.942431 3 
-2.69164 -1.69678 -0.904923 14 
-2.68067 -1.6883 -0.849754 14 
-2.6782 -1.68524 -0.800571 10 
-2.67876 -1.68397 -0.750993 13 
-2.675 -1.68024 -0.702051 18 
-2.67058 -1.67642 -0.652698 20 
-2.66872 -1.67408 -0.605516 16 
-2.66961 -1.67374 -0.558368 18 
-2.57265 -1.61213 -0.494231 33 
-2.62584 -1.6445 -0.458288 95 
-2.46326 -1.54209 -0.388485 65 
-2.44476 -1.5292 -0.343391 15 
-2.46498 -1.5428 -0.305639 15 
-2.44877 -1.53141 -0.261371 15 
-2.44173 -1.52641 -0.220408 16 
-2.43083 -1.51913 -0.178081 16 
-14.5222 -9.07413 -0.826121 96 
-12.7389 -7.96449 -0.0862652 14 
-14.9501 -9.35637 1.63329 103 
-13.9186 -8.71524 1.75907 59 
-2.66546 -1.68614 -1.04938 15 
-2.68862 -1.69888 -1.00698 12 
-2.65699 -1.6765 -0.942431 3 
-2.69164 -1.69678 -0.904923 14 
-2.68067 -1.6883 -0.849754 14 
-2.6782 -1.68524 -0.800571 10 
-2.67876 -1.68397 -0.750993 13 
-2.675 -1.68024 -0.702051 18 
-2.67058 -1.67642 -0.652698 20 
-2.66872 -1.67408 -0.605516 16 
-2.66961 -1.67374 -0.558368 18 
-2.57265 -1.61213 -0.494231 33 
-2.62584 -1.6445 -0.458288 95 
-2.46326 -1.54209 -0.388485 65 
-2.44476 -1.5292 -0.343391 15 
-2.46498 -1.5428 -0.305639 15 
-2.44877 -1.53141 -0.261371 15 
-2.44173 -1.52641 -0.220408 16 
-2.43083 -1.51913 -0.178081 16 
-12.7389 -7.96449 -0.0862652 14 
-13.9186 -8.71524 1.75907 59 
-2.68875 -1.64876 -1.04938 15 
-2.68606 -1.64524 -0.997325 14 
-2.69321 -1.64723 -0.947028 17 
-2.68552 -1.64098 -0.895075 13 
-2.68749 -1.64064 -0.844572 14 
-2.69153 -1.64163 -0.797628 15 
-2.6854 -1.63628 -0.746375 13 
-2.68486 -1.6346 -0.698579 13 
-2.68034 -1.63083 -0.649455 14 
-2.67505 -1.62645 -0.601741 16 
-2.68599 -1.63221 -0.556972 20 
-2.56117 -1.55556 -0.487804 36 
-2.62486 -1.59331 -0.454191 99 
-2.59302 -1.57336 -0.405445 98 
-2.55079 -1.54639 -0.355216 15 
-2.5441 -1.54331 -0.312747 17 
-2.55849 -1.55076 -0.270745 13 
-2.45598 -1.48804 -0.219798 19 
-2.43473 -1.4747 -0.176841 15 
-12.8249 -7.77133 -0.0861045 17 
-13.971 -8.47878 1.75055 59 
-2.68875 -1.64876 -1.04938 15 
-2.68606 -1.64524 -0.997325 14 
-2.69321 -1.64723 -0.947028 17 
-2.68552 -1.64098 -0.895075 13 
-2.68749 -1.64064 -0.844572 14 
-2.69153 -1.64163 -0.797628 15 
-2.6854 -1.63628 -0.746375 13 
-2.68486 -1.6346 -0.698579 13 
-2.68034 -1.63083 -0.649455 14 
-2.67505 -1.62645 -0.601741 16 
-2.68599 -1.63221 -0.556972 20 
-2.56117 -1.55556 -0.487804 36 
-2.62486 -1.59331 -0.454191 99 
-2.59302 -1.57336 -0.405445 98 
-2.55079 -1.54639 -0.355216 15 
-2.5441 -1.54331 -0.312747 17 
-2.55849 -1.55076 -0.270745 13 
-2.45598 -1.48804 -0.219798 19 
-2.43473 -1.4747 -0.176841 15 
-12.8249 -7.77133 -0.0861045 17 
-13.971 -8.47878 1.75055 59 
-2.68866 -1.59749 -1.04054 14 
-2.68582 -1.59396 -0.988873 13 
-2.69287 -1.5958 -0.938983 14 
-2.64195 -1.56413 -0.873191 13 
-2.64363 -1.56362 -0.823847 15 
-2.68748 -1.58811 -0.789779 14 
-2.64765 -1.56301 -0.729747 13 
-2.65361 -1.56522 -0.684695 14 
-2.64886 -1.56142 -0.636482 13 
-2.64335 -1.55705 -0.589661 20 
-2.59651 -1.52861 -0.53394 18 
-2.57243 -1.51364 -0.485876 53 
-2.60933 -1.53444 -0.447753 82 
-2.62841 -1.54504 -0.407565 99 
-2.6372 -1.54885 -0.364203 115 
-2.63056 -1.54594 -0.320691 61 
-2.64516 -1.55321 -0.277595 36 
-2.449 -1.43745 -0.217356 44 
-2.44131 -1.43248 -0.175849 14 
-13.4703 -7.9074 -0.0896874 48 
-14.0777 -8.27684 1.74927 45 
-14.0734 -8.27167 1.98094 106 
-2.68866 -1.59749 -1.04054 14 
-2.68582 -1.59396 -0.988873 13 
-2.69287 -1.5958 -0.938983 14 
-2.64195 -1.56413 -0.873191 13 
-2.64363 -1.56362 -0.823847 15 
-2.68748 -1.58811 -0.789779 14 
-2.64765 -1.56301 -0.729747 13 
-2.65361 -1.56522 -0.684695 14 
-2.64886 -1.56142 -0.636482 13 
-2.64335 -1.55705 -0.589661 20 
-2.59651 -1.52861 -0.53394 18 
-2.57243 -1.51364 -0.485876 53 
-2.60933 -1.53444 -0.447753 82 
-2.62841 -1.54504 -0.407565 99 
-2.6372 -1.54885 -0.364203 115 
-2.63056 -1.54594 -0.320691 61 
-2.64516 -1.55321 -0.277595 36 
-2.449 -1.43745 -0.217356 44 
-13.4703 -7.9074 -0.0896874 48 
-14.0777 -8.27684 1.74927 45 
-14.0734 -8.27167 1.98094 106 
-2.67781 -1.54087 -1.02791 17 
-2.68797 -1.5449 -0.981629 17 
-2.68498 -1.54088 -0.92864 22 
-2.70692 -1.55196 -0.887416 21 
-2.69873 -1.54576 -0.83421 20 
-2.69593 -1.54272 -0.785855 18 
-2.68949 -1.53748 -0.73529 18 
-2.67859 -1.52995 -0.685562 17 
-2.69762 -1.53982 -0.642968 18 
-2.64094 -1.50637 -0.584376 34 
-2.64497 -1.50781 -0.539523 38 
-2.65163 -1.5108 -0.496802 26 
-2.67864 -1.52527 -0.455947 18 
-2.66351 -1.51603 -0.409685 123 
-2.67238 -1.51973 -0.366095 12 
-2.69684 -1.53463 -0.326127 22 
-2.71161 -1.54172 -0.282281 10 
-13.8854 -7.8925 -0.0917085 24 
-14.7431 -8.39058 2.05852 58 
-2.67781 -1.54087 -1.02791 17 
-2.68797 -1.5449 -0.981629 17 
-2.68498 -1.54088 -0.92864 22 
-2.70692 -1.55196 -0.887416 21 
-2.69873 -1.54576 -0.83421 20 
-2.69593 -1.54272 -0.785855 18 
-2.68949 -1.53748 -0.73529 18 
-2.67859 -1.52995 -0.685562 17 
-2.69762 -1.53982 -0.642968 18 
-2.64094 -1.50637 -0.584376 34 
-2.64497 -1.50781 -0.539523 38 
-2.65163 -1.5108 -0.496802 26 
-2.67864 -1.52527 -0.455947 18 
-2.66351 -1.51603 -0.409685 123 
-2.67238 -1.51973 -0.366095 12 
-2.69684 -1.53463 -0.326127 22 
-2.71161 -1.54172 -0.282281 10 
-13.8854 -7.8925 -0.0917085 24 
-14.7431 -8.39058 2.05852 58 
-2.65828 -1.46745 -0.583621 29 
-2.72784 -1.50498 -0.552087 26 
-2.70012 -1.48889 -0.501943 18 
-2.75513 -1.51828 -0.465312 9 
-2.82332 -1.55521 -0.430885 1 
-2.85689 -1.57227 -0.388325 18 
-2.81209 -1.54864 -0.337416 14 
-2.82013 -1.55172 -0.291294 12 
-2.8656 -1.57609 -0.250325 13 
-14.3167 -7.87522 -0.0938215 24 
-2.72784 -1.50498 -0.552087 26 
-2.75513 -1.51828 -0.465312 9 
-2.82332 -1.55521 -0.430885 1 
-2.81209 -1.54864 -0.337416 14 
-2.82013 -1.55172 -0.291294 12 
-2.8656 -1.57609 -0.250325 13 
-14.3167 -7.87522 -0.0938215 24 
-3.03333 -1.62339 -0.816578 10 
-3.04394 -1.62764 -0.767136 10 
-3.0263 -1.61711 -0.710265 16 
-3.00769 -1.60596 -0.655347 9 
-3.01615 -1.60953 -0.60583 17 
-2.97073 -1.58276 -0.449964 18 
-2.9177 -1.55411 -0.34745 13 
-2.92944 -1.55899 -0.300307 12 
-2.94719 -1.56777 -0.255515 13 
-3.03846 -1.61578 -0.213797 11 
-14.7819 -7.86431 -0.0961412 41 
-2.9177 -1.55411 -0.34745 13 
-2.92944 -1.55899 -0.300307 12 
-2.94719 -1.56777 -0.255515 13 
-14.7819 -7.86431 -0.0961412 41 
-3.03107 -1.56057 -0.358321 15 
-3.04302 -1.56531 -0.30968 11 
-3.05037 -1.56842 -0.262536 12 
-3.11754 -1.6024 -0.217765 15 
-3.59265 -1.84629 -0.194869 25 
-3.50519 -1.80304 -0.133583 13 
-3.03107 -1.56057 -0.358321 15 
-3.04302 -1.56531 -0.30968 11 
-3.05037 -1.56842 -0.262536 12 
-3.59265 -1.84629 -0.194869 25 
-3.19504 -1.58895 -0.375046 17 
-3.14307 -1.56167 -0.317611 12 
-3.1577 -1.56825 -0.269863 12 
-3.21112 -1.59422 -0.222725 21 
-3.59661 -1.78529 -0.193713 27 
-3.5336 -1.75571 -0.133719 14 
-3.14307 -1.56167 -0.317611 12 
-3.1577 -1.56825 -0.269863 12 
-3.21112 -1.59422 -0.222725 21 
-3.59661 -1.78529 -0.193713 27 
-3.25437 -1.5607 -0.326624 12 
-3.2692 -1.56711 -0.277495 11 
-3.30868 -1.58546 -0.227934 11 
-3.60317 -1.72627 -0.192749 30 
-3.55416 -1.70447 -0.133583 13 
-3.25437 -1.5607 -0.326624 12 
-3.2692 -1.56711 -0.277495 11 
-3.30868 -1.58546 -0.227934 11 
-3.60317 -1.72627 -0.192749 30 
-3.41324 -1.57866 -0.340324 12 
-3.38127 -1.56315 -0.285126 12 
-3.40297 -1.57261 -0.232894 9 
-3.59791 -1.66239 -0.191207 30 
-3.55947 -1.64629 -0.132906 13 
-3.41324 -1.57866 -0.340324 12 
-3.38127 -1.56315 -0.285126 12 
-3.40297 -1.57261 -0.232894 9 
-3.59791 -1.66239 -0.191207 30 
-3.56594 -1.58922 -0.353302 15 
-3.53027 -1.57259 -0.295811 13 
-3.50848 -1.56229 -0.238599 14 
-3.59157 -1.59899 -0.189665 27 
-3.49813 -1.559 -0.12979 13 
-3.53027 -1.57259 -0.295811 13 
-3.50848 -1.56229 -0.238599 14 
-3.59157 -1.59899 -0.189665 27 
-3.71592 -1.59426 -0.36592 15 
-3.65086 -1.56559 -0.304053 18 
-3.63636 -1.55877 -0.245792 21 
-3.59885 -1.54239 -0.188894 16 
-3.55997 -1.52735 -0.13128 15 
-3.65086 -1.56559 -0.304053 18 
-3.63636 -1.55877 -0.245792 21 
-3.59885 -1.54239 -0.188894 16 
-3.55997 -1.52735 -0.13128 15 
-3.85671 -1.59049 -0.319317 15 
-3.80541 -1.56871 -0.255713 14 
-3.59787 -1.48286 -0.187737 17 
-3.55508 -1.46682 -0.130332 18 
-3.85671 -1.59049 -0.319317 15 
-3.80541 -1.56871 -0.255713 14 
-3.59787 -1.48286 -0.187737 17 
-3.55508 -1.46682 -0.130332 18 
-4.02316 -1.59377 -0.331223 26 
-3.94943 -1.56393 -0.263897 13 
-3.60708 -1.42807 -0.187159 18 
-4.68509 -1.85505 -0.101678 14 
-3.94943 -1.56393 -0.263897 13 
-3.60708 -1.42807 -0.187159 18 
-4.68509 -1.85505 -0.101678 14 
-4.13509 -1.57102 -0.27481 16 
-4.22427 -1.60456 -0.217999 14 
-4.67827 -1.77907 -0.169621 23 
-4.70679 -1.78803 -0.101597 25 
-4.13509 -1.57102 -0.27481 16 
-4.22427 -1.60456 -0.217999 14 
-4.70679 -1.78803 -0.101597 25 
-4.32544 -1.57459 -0.285972 13 
-4.58997 -1.67252 -0.165556 17 
-4.72378 -1.71941 -0.101436 15 
-4.32544 -1.57459 -0.285972 13 
-4.58997 -1.67252 -0.165556 17 
-4.72378 -1.71941 -0.101436 15 
